dateupdated,season,rolling_mean
2016-01-27T07:07:03Z,Winter,1.4666666666666666
2016-01-27T07:16:42Z,Winter,1.45
2016-01-27T09:43:36Z,Winter,1.4333333333333333
2016-01-27T09:56:09Z,Winter,1.4166666666666667
2016-01-27T09:56:13Z,Winter,1.4
2016-01-27T09:59:43Z,Winter,1.3666666666666667
2016-01-27T10:18:08Z,Winter,1.3333333333333333
2016-01-27T10:20:03Z,Winter,1.3
2016-01-27T10:44:52Z,Winter,1.2833333333333334
2016-01-27T10:49:25Z,Winter,1.2666666666666666
2016-01-27T10:57:02Z,Winter,1.25
2016-01-27T10:57:07Z,Winter,1.2333333333333334
2016-01-27T10:58:08Z,Winter,1.2166666666666666
2016-01-27T10:58:44Z,Winter,1.2
2016-01-27T10:58:56Z,Winter,1.2
2016-01-27T11:00:06Z,Winter,1.2
2016-01-27T11:20:26Z,Winter,1.1833333333333333
2016-01-27T11:39:13Z,Winter,1.1666666666666667
2016-01-27T11:39:19Z,Winter,1.1666666666666667
2016-01-27T11:52:36Z,Winter,1.1666666666666667
2016-01-27T12:06:35Z,Winter,1.1666666666666667
2016-01-27T12:06:41Z,Winter,1.1666666666666667
2016-01-27T12:10:58Z,Winter,1.1666666666666667
2016-01-27T12:14:05Z,Winter,1.15
2016-01-27T12:44:24Z,Winter,1.1333333333333333
2016-01-27T13:35:00Z,Winter,1.1166666666666667
2016-01-27T13:36:01Z,Winter,1.1
2016-02-03T07:28:38Z,Winter,1.0833333333333333
2016-02-05T22:12:29Z,Winter,1.0666666666666667
2016-02-05T22:13:22Z,Winter,1.1166666666666667
2016-02-05T22:13:22Z,Winter,1.1666666666666667
2016-02-05T22:13:22Z,Winter,1.2166666666666666
2016-02-05T22:13:22Z,Winter,1.2666666666666666
2016-02-05T22:18:18Z,Winter,1.3166666666666667
2016-02-05T22:18:18Z,Winter,1.3666666666666667
2016-02-05T22:18:18Z,Winter,1.4166666666666667
2016-02-05T22:18:18Z,Winter,1.4666666666666666
2016-02-07T19:43:00Z,Winter,1.4666666666666666
2016-02-08T20:37:20Z,Winter,1.4666666666666666
2016-02-08T20:37:33Z,Winter,1.4666666666666666
2016-02-08T20:45:19Z,Winter,1.4833333333333334
2016-02-08T20:45:19Z,Winter,1.5
2016-02-10T23:11:04Z,Winter,1.5
2016-02-14T01:06:44Z,Winter,1.5166666666666666
2016-02-14T01:06:44Z,Winter,1.5333333333333334
2016-02-14T09:08:09Z,Winter,1.5333333333333334
2016-02-16T01:38:11Z,Winter,1.55
2016-02-16T01:38:11Z,Winter,1.55
2016-02-16T01:38:15Z,Winter,1.5333333333333334
2016-02-16T02:11:31Z,Winter,1.5166666666666666
2016-02-16T05:40:10Z,Winter,1.5
2016-02-16T05:49:51Z,Winter,1.5
2016-02-16T05:49:53Z,Winter,1.5
2016-02-16T05:55:01Z,Winter,1.5
2016-02-16T05:55:04Z,Winter,1.5
2016-02-17T17:07:28Z,Winter,1.5166666666666666
2016-02-17T17:07:28Z,Winter,1.5333333333333334
2016-02-19T14:47:17Z,Winter,1.6
2016-02-19T14:47:17Z,Winter,1.6666666666666667
2016-02-19T14:47:17Z,Winter,1.7333333333333334
2016-02-19T14:47:17Z,Winter,1.8
2016-02-19T14:47:17Z,Winter,1.8666666666666667
2016-02-21T01:32:31Z,Winter,1.8833333333333333
2016-02-21T01:32:31Z,Winter,1.9
2016-02-21T01:32:35Z,Winter,1.9166666666666667
2016-02-21T01:32:35Z,Winter,1.9333333333333333
2016-02-21T01:32:42Z,Winter,1.9833333333333334
2016-02-21T01:32:42Z,Winter,2.033333333333333
2016-02-21T01:32:42Z,Winter,2.0833333333333335
2016-02-21T01:32:42Z,Winter,2.1333333333333333
2016-02-21T01:33:02Z,Winter,2.1666666666666665
2016-02-21T01:33:02Z,Winter,2.2
2016-02-21T01:33:02Z,Winter,2.2333333333333334
2016-02-21T01:33:03Z,Winter,2.25
2016-02-21T01:33:03Z,Winter,2.2666666666666666
2016-02-21T01:33:15Z,Winter,2.283333333333333
2016-02-21T01:33:15Z,Winter,2.3
2016-02-21T05:53:16Z,Winter,2.3
2016-02-21T05:53:20Z,Winter,2.316666666666667
2016-02-21T05:53:20Z,Winter,2.3333333333333335
2016-02-21T05:53:26Z,Winter,2.35
2016-02-21T05:53:26Z,Winter,2.3666666666666667
2016-02-21T05:53:27Z,Winter,2.3833333333333333
2016-02-21T05:53:27Z,Winter,2.4
2016-02-21T05:53:33Z,Winter,2.4166666666666665
2016-02-21T05:53:33Z,Winter,2.433333333333333
2016-02-21T05:53:36Z,Winter,2.45
2016-02-21T05:53:36Z,Winter,2.466666666666667
2016-02-21T14:34:27Z,Winter,2.5166666666666666
2016-02-21T14:34:27Z,Winter,2.5166666666666666
2016-02-21T14:34:27Z,Winter,2.5166666666666666
2016-02-21T14:34:27Z,Winter,2.5166666666666666
2016-02-21T14:34:29Z,Winter,2.4833333333333334
2016-02-21T14:34:29Z,Winter,2.45
2016-02-21T14:34:30Z,Winter,2.4166666666666665
2016-02-21T14:34:30Z,Winter,2.3833333333333333
2016-02-21T14:34:31Z,Winter,2.3666666666666667
2016-02-21T14:34:31Z,Winter,2.4
2016-02-21T14:34:31Z,Winter,2.433333333333333
2016-02-21T14:34:32Z,Winter,2.433333333333333
2016-02-21T14:34:34Z,Winter,2.433333333333333
2016-02-21T14:34:34Z,Winter,2.433333333333333
2016-02-21T14:34:35Z,Winter,2.466666666666667
2016-02-21T14:34:35Z,Winter,2.4833333333333334
2016-02-21T14:34:35Z,Winter,2.5
2016-02-21T14:34:36Z,Winter,2.5
2016-02-21T14:34:37Z,Winter,2.533333333333333
2016-02-21T14:34:37Z,Winter,2.566666666666667
2016-02-21T14:34:37Z,Winter,2.6166666666666667
2016-02-21T14:34:37Z,Winter,2.6666666666666665
2016-02-21T14:34:38Z,Winter,2.7
2016-02-21T14:34:38Z,Winter,2.7333333333333334
2016-02-21T14:34:38Z,Winter,2.7666666666666666
2016-02-21T14:34:39Z,Winter,2.8833333333333333
2016-02-21T14:34:39Z,Winter,3
2016-02-21T14:34:39Z,Winter,3.1
2016-02-21T14:34:39Z,Winter,3.2
2016-02-21T14:34:39Z,Winter,3.25
2016-02-21T14:34:39Z,Winter,3.3
2016-02-21T14:34:39Z,Winter,3.35
2016-02-21T14:34:39Z,Winter,3.4
2016-02-21T14:34:40Z,Winter,3.3333333333333335
2016-02-21T14:34:42Z,Winter,3.316666666666667
2016-02-21T14:34:43Z,Winter,3.3
2016-02-21T14:34:45Z,Winter,3.3
2016-02-21T14:34:45Z,Winter,3.3
2016-02-22T04:31:13Z,Winter,3.2666666666666666
2016-02-22T04:31:13Z,Winter,3.2333333333333334
2016-02-22T04:32:17Z,Winter,3.2
2016-02-22T04:32:17Z,Winter,3.1666666666666665
2016-02-22T04:33:06Z,Winter,3.15
2016-02-22T04:33:06Z,Winter,3.1333333333333333
2016-02-22T04:34:30Z,Winter,3.1166666666666667
2016-02-22T04:34:30Z,Winter,3.1166666666666667
2016-02-24T04:07:22Z,Winter,3.1
2016-02-24T04:07:44Z,Winter,3.1
2016-02-24T04:07:44Z,Winter,3.1
2016-02-24T04:09:37Z,Winter,3.1166666666666667
2016-02-24T04:09:37Z,Winter,3.1166666666666667
2016-02-24T04:11:00Z,Winter,3.1166666666666667
2016-02-24T04:11:00Z,Winter,3.1166666666666667
2016-02-24T04:11:23Z,Winter,3.1333333333333333
2016-02-24T04:11:23Z,Winter,3.15
2016-02-24T04:11:23Z,Winter,3.1666666666666665
2016-02-24T04:12:10Z,Winter,3.1666666666666665
2016-02-24T04:12:10Z,Winter,3.1666666666666665
2016-02-24T21:11:05Z,Winter,3.15
2016-02-25T22:08:42Z,Winter,3.15
2016-02-25T22:08:42Z,Winter,3.1166666666666667
2016-03-02T00:47:34Z,Spring,3.0833333333333335
2016-03-02T00:47:34Z,Spring,3.05
2016-03-03T04:59:39Z,Spring,3
2016-03-03T05:02:51Z,Spring,2.9833333333333334
2016-03-03T16:39:15Z,Spring,2.966666666666667
2016-03-04T03:32:13Z,Spring,2.95
2016-03-04T05:10:04Z,Spring,2.933333333333333
2016-03-04T05:43:01Z,Spring,2.933333333333333
2016-03-04T05:43:01Z,Spring,2.933333333333333
2016-03-04T05:43:01Z,Spring,2.933333333333333
2016-03-04T23:43:43Z,Spring,2.933333333333333
2016-03-06T00:20:40Z,Spring,2.9166666666666665
2016-03-07T11:15:26Z,Spring,2.9
2016-03-09T22:37:37Z,Spring,2.8666666666666667
2016-03-10T16:26:07Z,Spring,2.8333333333333335
2016-03-10T16:36:06Z,Spring,2.816666666666667
2016-03-10T16:36:06Z,Spring,2.8333333333333335
2016-03-10T21:10:52Z,Spring,2.8
2016-03-10T21:10:52Z,Spring,2.7666666666666666
2016-03-10T21:13:46Z,Spring,2.716666666666667
2016-03-11T20:26:21Z,Spring,2.6666666666666665
2016-03-11T22:34:20Z,Spring,2.6333333333333333
2016-03-11T22:38:03Z,Spring,2.6166666666666667
2016-03-11T22:38:03Z,Spring,2.6
2016-03-11T22:38:57Z,Spring,2.5
2016-03-11T22:38:57Z,Spring,2.4
2016-03-11T22:39:58Z,Spring,2.3
2016-03-11T22:39:58Z,Spring,2.2
2016-03-12T03:30:13Z,Spring,2.0833333333333335
2016-03-12T03:31:48Z,Spring,1.9833333333333334
2016-03-12T03:31:48Z,Spring,1.8833333333333333
2016-03-12T03:32:47Z,Spring,1.7666666666666666
2016-03-12T03:33:31Z,Spring,1.7833333333333334
2016-03-12T03:33:31Z,Spring,1.8
2016-03-12T03:33:38Z,Spring,1.8
2016-03-12T03:34:48Z,Spring,1.8
2016-03-12T03:34:48Z,Spring,1.8
2016-03-12T03:35:18Z,Spring,1.8166666666666667
2016-03-12T03:35:18Z,Spring,1.8333333333333333
2016-03-12T03:35:18Z,Spring,1.85
2016-03-12T03:39:35Z,Spring,1.8666666666666667
2016-03-12T03:39:35Z,Spring,1.8833333333333333
2016-03-12T03:39:35Z,Spring,1.9
2016-03-13T16:57:38Z,Spring,1.9
2016-03-13T16:57:38Z,Spring,1.9
2016-03-14T03:07:47Z,Spring,1.9
2016-03-14T04:14:34Z,Spring,1.8833333333333333
2016-03-14T17:57:12Z,Spring,1.8666666666666667
2016-03-15T13:54:15Z,Spring,1.8666666666666667
2016-03-15T13:54:15Z,Spring,1.8666666666666667
2016-03-15T14:14:52Z,Spring,1.85
2016-03-15T14:14:53Z,Spring,1.8833333333333333
2016-03-15T14:14:53Z,Spring,1.9
2016-03-15T14:14:53Z,Spring,1.9166666666666667
2016-03-15T14:14:53Z,Spring,1.9333333333333333
2016-03-15T15:06:25Z,Spring,1.9166666666666667
2016-03-15T15:06:27Z,Spring,1.9
2016-03-15T15:37:19Z,Spring,1.9
2016-03-15T15:37:22Z,Spring,1.9
2016-03-15T15:37:22Z,Spring,1.9
2016-03-15T16:08:19Z,Spring,1.8833333333333333
2016-03-15T16:13:26Z,Spring,1.8666666666666667
2016-03-15T16:13:27Z,Spring,1.8833333333333333
2016-03-15T16:13:27Z,Spring,1.9
2016-03-15T16:13:29Z,Spring,1.9166666666666667
2016-03-15T16:13:29Z,Spring,1.9333333333333333
2016-03-15T17:54:12Z,Spring,1.9333333333333333
2016-03-15T18:04:41Z,Spring,1.9
2016-03-15T18:15:06Z,Spring,1.8666666666666667
2016-03-15T22:37:56Z,Spring,1.85
2016-03-15T22:37:56Z,Spring,1.8666666666666667
2016-03-16T00:18:21Z,Spring,1.8833333333333333
2016-03-16T00:18:21Z,Spring,1.9
2016-03-16T00:22:39Z,Spring,1.9166666666666667
2016-03-16T00:22:39Z,Spring,1.9333333333333333
2016-03-16T00:53:28Z,Spring,1.9166666666666667
2016-03-16T03:21:36Z,Spring,1.9
2016-03-16T03:22:21Z,Spring,1.8833333333333333
2016-03-16T03:26:53Z,Spring,1.8666666666666667
2016-03-16T03:27:52Z,Spring,1.8833333333333333
2016-03-16T03:27:52Z,Spring,1.9
2016-03-16T03:30:02Z,Spring,1.9166666666666667
2016-03-16T03:30:02Z,Spring,1.9166666666666667
2016-03-16T03:30:56Z,Spring,1.9166666666666667
2016-03-16T03:30:56Z,Spring,1.9166666666666667
2016-03-16T03:33:46Z,Spring,1.9166666666666667
2016-03-16T03:33:46Z,Spring,1.9166666666666667
2016-03-16T03:34:33Z,Spring,1.9
2016-03-16T21:30:19Z,Spring,1.9
2016-03-19T02:23:40Z,Spring,1.8833333333333333
2016-03-19T02:34:55Z,Spring,1.8833333333333333
2016-03-19T02:34:55Z,Spring,1.9
2016-03-19T12:57:30Z,Spring,1.8833333333333333
2016-03-19T18:01:37Z,Spring,1.8833333333333333
2016-03-19T18:01:37Z,Spring,1.9
2016-03-20T00:54:10Z,Spring,1.8833333333333333
2016-03-20T01:13:38Z,Spring,1.8666666666666667
2016-03-20T01:19:36Z,Spring,1.8333333333333333
2016-03-20T22:55:48Z,Spring,1.8
2016-03-22T00:08:01Z,Spring,1.7666666666666666
2016-03-22T01:08:46Z,Spring,1.75
2016-03-22T01:08:46Z,Spring,1.7333333333333334
2016-03-22T01:35:50Z,Spring,1.7
2016-03-22T01:54:07Z,Spring,1.6833333333333333
2016-03-22T02:16:43Z,Spring,1.6833333333333333
2016-03-22T02:16:43Z,Spring,1.7
2016-03-22T21:27:42Z,Spring,1.7
2016-03-22T21:51:43Z,Spring,1.7166666666666666
2016-03-22T21:51:43Z,Spring,1.7166666666666666
2016-03-22T23:11:46Z,Spring,1.7166666666666666
2016-03-22T23:11:46Z,Spring,1.7333333333333334
2016-03-23T01:25:17Z,Spring,1.7
2016-03-23T01:25:17Z,Spring,1.6666666666666667
2016-03-23T01:25:38Z,Spring,1.6166666666666667
2016-03-24T01:28:06Z,Spring,1.5833333333333333
2016-03-24T01:28:06Z,Spring,1.6
2016-03-24T01:29:12Z,Spring,1.6
2016-03-24T01:57:34Z,Spring,1.6
2016-03-24T02:06:11Z,Spring,1.5833333333333333
2016-03-24T15:38:47Z,Spring,1.5833333333333333
2016-03-24T15:38:47Z,Spring,1.6
2016-03-24T22:28:20Z,Spring,1.6
2016-03-25T01:05:17Z,Spring,1.5833333333333333
2016-03-25T01:31:40Z,Spring,1.5833333333333333
2016-03-25T01:31:40Z,Spring,1.5833333333333333
2016-03-25T01:31:49Z,Spring,1.5833333333333333
2016-03-25T01:31:49Z,Spring,1.6
2016-03-25T01:32:03Z,Spring,1.6166666666666667
2016-03-25T01:32:03Z,Spring,1.6333333333333333
2016-03-25T13:42:20Z,Spring,1.6166666666666667
2016-03-25T22:47:49Z,Spring,1.6166666666666667
2016-03-25T22:47:49Z,Spring,1.6166666666666667
2016-03-25T22:49:14Z,Spring,1.6166666666666667
2016-03-25T22:49:14Z,Spring,1.6166666666666667
2016-03-26T00:12:08Z,Spring,1.6
2016-03-26T22:21:11Z,Spring,1.6166666666666667
2016-03-26T22:21:11Z,Spring,1.6333333333333333
2016-03-26T22:25:13Z,Spring,1.65
2016-03-26T22:25:13Z,Spring,1.6666666666666667
2016-03-26T22:25:15Z,Spring,1.7
2016-03-26T22:25:15Z,Spring,1.7333333333333334
2016-03-26T22:25:15Z,Spring,1.7666666666666666
2016-03-26T22:25:15Z,Spring,1.8
2016-03-27T12:07:30Z,Spring,1.7833333333333334
2016-03-27T12:08:08Z,Spring,1.8333333333333333
2016-03-27T12:08:08Z,Spring,1.8833333333333333
2016-03-27T12:08:08Z,Spring,1.9333333333333333
2016-03-27T12:08:08Z,Spring,2
2016-03-27T12:08:08Z,Spring,2.066666666666667
2016-03-27T12:08:32Z,Spring,2.1166666666666667
2016-03-27T12:08:32Z,Spring,2.15
2016-03-27T12:08:32Z,Spring,2.183333333333333
2016-03-27T12:08:32Z,Spring,2.2333333333333334
2016-03-27T12:09:27Z,Spring,2.2333333333333334
2016-03-27T12:09:27Z,Spring,2.2333333333333334
2016-03-27T12:09:32Z,Spring,2.2333333333333334
2016-03-27T21:24:18Z,Spring,2.25
2016-03-27T21:24:18Z,Spring,2.2666666666666666
2016-03-27T22:09:54Z,Spring,2.2666666666666666
2016-03-27T22:38:49Z,Spring,2.2666666666666666
2016-03-28T22:15:08Z,Spring,2.25
2016-03-29T03:16:16Z,Spring,2.25
2016-03-29T03:16:16Z,Spring,2.2666666666666666
2016-03-29T03:17:47Z,Spring,2.283333333333333
2016-03-29T03:17:47Z,Spring,2.283333333333333
2016-03-29T03:19:00Z,Spring,2.283333333333333
2016-03-29T03:19:00Z,Spring,2.3
2016-03-29T03:20:00Z,Spring,2.3
2016-03-29T03:20:00Z,Spring,2.3
2016-03-29T03:20:21Z,Spring,2.3
2016-03-29T03:20:21Z,Spring,2.3
2016-03-29T03:21:24Z,Spring,2.3
2016-03-29T03:21:24Z,Spring,2.3
2016-03-29T03:22:31Z,Spring,2.316666666666667
2016-03-29T03:22:31Z,Spring,2.316666666666667
2016-03-29T04:17:49Z,Spring,2.3
2016-03-29T05:07:49Z,Spring,2.316666666666667
2016-03-29T05:07:49Z,Spring,2.3333333333333335
2016-03-29T05:09:56Z,Spring,2.35
2016-03-29T05:09:56Z,Spring,2.35
2016-03-29T05:14:27Z,Spring,2.35
2016-03-29T05:14:27Z,Spring,2.3666666666666667
2016-03-29T19:55:04Z,Spring,2.4166666666666665
2016-03-29T19:55:04Z,Spring,2.45
2016-03-29T19:55:04Z,Spring,2.4833333333333334
2016-03-29T19:55:04Z,Spring,2.5166666666666666
2016-03-29T19:55:48Z,Spring,2.5166666666666666
2016-03-29T19:55:48Z,Spring,2.5166666666666666
2016-03-30T00:48:53Z,Spring,2.5166666666666666
2016-03-30T00:48:53Z,Spring,2.533333333333333
2016-03-30T00:52:34Z,Spring,2.533333333333333
2016-03-30T00:52:34Z,Spring,2.533333333333333
2016-03-30T00:56:31Z,Spring,2.533333333333333
2016-03-30T00:56:31Z,Spring,2.533333333333333
2016-03-30T00:56:39Z,Spring,2.55
2016-03-30T00:56:39Z,Spring,2.55
2016-03-30T17:09:53Z,Spring,2.533333333333333
2016-03-30T17:20:05Z,Spring,2.5166666666666666
2016-03-30T17:25:11Z,Spring,2.5
2016-03-30T17:45:23Z,Spring,2.45
2016-03-30T17:50:26Z,Spring,2.4
2016-03-30T18:10:42Z,Spring,2.35
2016-03-30T19:24:38Z,Spring,2.3333333333333335
2016-03-30T19:24:38Z,Spring,2.3666666666666667
2016-03-30T19:24:38Z,Spring,2.3333333333333335
2016-03-30T19:25:43Z,Spring,2.3
2016-03-30T19:25:43Z,Spring,2.2666666666666666
2016-03-30T19:25:43Z,Spring,2.2333333333333334
2016-03-30T19:26:12Z,Spring,2.2333333333333334
2016-03-30T19:26:12Z,Spring,2.25
2016-03-30T19:26:12Z,Spring,2.2666666666666666
2016-03-30T19:26:12Z,Spring,2.283333333333333
2016-03-30T19:26:12Z,Spring,2.3
2016-03-30T20:08:42Z,Spring,2.283333333333333
2016-03-30T20:09:09Z,Spring,2.283333333333333
2016-03-30T20:09:09Z,Spring,2.3
2016-03-30T20:10:23Z,Spring,2.283333333333333
2016-03-30T20:28:57Z,Spring,2.283333333333333
2016-03-30T20:28:57Z,Spring,2.3
2016-03-30T20:29:58Z,Spring,2.35
2016-03-30T20:29:58Z,Spring,2.4
2016-03-30T20:29:58Z,Spring,2.433333333333333
2016-03-30T20:29:58Z,Spring,2.466666666666667
2016-03-30T20:58:41Z,Spring,2.5
2016-03-30T20:58:41Z,Spring,2.533333333333333
2016-03-30T20:58:41Z,Spring,2.566666666666667
2016-03-30T20:58:41Z,Spring,2.6
2016-03-30T20:58:48Z,Spring,2.6166666666666667
2016-03-30T20:58:48Z,Spring,2.6333333333333333
2016-03-30T20:58:48Z,Spring,2.65
2016-03-30T20:59:11Z,Spring,2.65
2016-03-30T20:59:11Z,Spring,2.65
2016-03-30T21:14:09Z,Spring,2.65
2016-03-30T21:14:09Z,Spring,2.65
2016-03-30T21:14:18Z,Spring,2.65
2016-03-30T21:14:18Z,Spring,2.6666666666666665
2016-03-30T21:15:10Z,Spring,2.65
2016-03-30T21:16:10Z,Spring,2.6333333333333333
2016-03-30T21:16:15Z,Spring,2.6333333333333333
2016-03-30T21:16:15Z,Spring,2.6333333333333333
2016-03-30T21:16:33Z,Spring,2.6333333333333333
2016-03-30T21:16:33Z,Spring,2.6333333333333333
2016-03-30T21:16:57Z,Spring,2.5833333333333335
2016-03-30T21:17:02Z,Spring,2.55
2016-03-30T21:17:02Z,Spring,2.5166666666666666
2016-03-30T21:17:25Z,Spring,2.4833333333333334
2016-03-30T21:17:25Z,Spring,2.4833333333333334
2016-03-30T21:17:44Z,Spring,2.4833333333333334
2016-03-30T21:17:44Z,Spring,2.4833333333333334
2016-03-30T21:18:13Z,Spring,2.4833333333333334
2016-03-30T21:18:13Z,Spring,2.4833333333333334
2016-03-30T21:18:18Z,Spring,2.4833333333333334
2016-03-30T21:18:18Z,Spring,2.4833333333333334
2016-03-30T21:18:27Z,Spring,2.4833333333333334
2016-03-30T21:18:27Z,Spring,2.4833333333333334
2016-03-30T21:18:33Z,Spring,2.4833333333333334
2016-03-30T21:18:33Z,Spring,2.5
2016-03-30T21:28:16Z,Spring,2.5
2016-03-30T21:31:58Z,Spring,2.5
2016-03-31T01:36:03Z,Spring,2.5
2016-03-31T02:03:24Z,Spring,2.5
2016-03-31T18:25:00Z,Spring,2.5166666666666666
2016-03-31T18:25:00Z,Spring,2.5
2016-03-31T23:14:24Z,Spring,2.466666666666667
2016-04-01T02:58:33Z,Spring,2.466666666666667
2016-04-01T02:58:33Z,Spring,2.466666666666667
2016-04-01T02:58:33Z,Spring,2.466666666666667
2016-04-01T02:58:52Z,Spring,2.4833333333333334
2016-04-01T02:58:52Z,Spring,2.466666666666667
2016-04-01T02:58:52Z,Spring,2.45
2016-04-01T02:58:52Z,Spring,2.433333333333333
2016-04-01T02:59:11Z,Spring,2.433333333333333
2016-04-01T02:59:11Z,Spring,2.433333333333333
2016-04-01T02:59:11Z,Spring,2.5
2016-04-01T02:59:11Z,Spring,2.55
2016-04-01T02:59:11Z,Spring,2.6
2016-04-01T02:59:14Z,Spring,2.6666666666666665
2016-04-01T02:59:14Z,Spring,2.716666666666667
2016-04-01T02:59:14Z,Spring,2.7666666666666666
2016-04-01T02:59:14Z,Spring,2.783333333333333
2016-04-01T02:59:14Z,Spring,2.8
2016-04-01T02:59:29Z,Spring,2.783333333333333
2016-04-01T02:59:29Z,Spring,2.7666666666666666
2016-04-01T02:59:29Z,Spring,2.75
2016-04-01T02:59:30Z,Spring,2.75
2016-04-01T02:59:30Z,Spring,2.75
2016-04-01T02:59:30Z,Spring,2.75
2016-04-01T02:59:30Z,Spring,2.7666666666666666
2016-04-01T02:59:42Z,Spring,2.7666666666666666
2016-04-01T02:59:42Z,Spring,2.7666666666666666
2016-04-01T02:59:42Z,Spring,2.783333333333333
2016-04-01T02:59:47Z,Spring,2.8
2016-04-01T02:59:47Z,Spring,2.816666666666667
2016-04-01T02:59:47Z,Spring,2.8333333333333335
2016-04-01T02:59:52Z,Spring,2.85
2016-04-01T02:59:52Z,Spring,2.8666666666666667
2016-04-01T02:59:52Z,Spring,2.9
2016-04-01T02:59:53Z,Spring,2.933333333333333
2016-04-01T02:59:53Z,Spring,2.95
2016-04-01T02:59:53Z,Spring,2.966666666666667
2016-04-01T02:59:57Z,Spring,2.9833333333333334
2016-04-01T02:59:57Z,Spring,3
2016-04-01T02:59:57Z,Spring,3.033333333333333
2016-04-01T03:00:37Z,Spring,3.05
2016-04-01T03:00:37Z,Spring,3.066666666666667
2016-04-01T03:00:37Z,Spring,3.0833333333333335
2016-04-01T03:09:16Z,Spring,3.066666666666667
2016-04-01T04:01:42Z,Spring,3.066666666666667
2016-04-01T04:01:42Z,Spring,3.066666666666667
2016-04-01T04:35:39Z,Spring,3.1
2016-04-01T04:35:39Z,Spring,3.1333333333333333
2016-04-01T04:35:39Z,Spring,3.1666666666666665
2016-04-01T04:35:39Z,Spring,3.2
2016-04-01T05:29:14Z,Spring,3.2
2016-04-01T05:29:14Z,Spring,3.2
2016-04-01T05:29:56Z,Spring,3.2
2016-04-01T05:29:56Z,Spring,3.2
2016-04-01T05:33:33Z,Spring,3.216666666666667
2016-04-01T05:33:33Z,Spring,3.2333333333333334
2016-04-01T05:38:50Z,Spring,3.25
2016-04-01T05:38:50Z,Spring,3.2666666666666666
2016-04-01T05:39:37Z,Spring,3.2666666666666666
2016-04-01T05:39:37Z,Spring,3.2666666666666666
2016-04-01T05:40:11Z,Spring,3.283333333333333
2016-04-01T05:40:11Z,Spring,3.2666666666666666
2016-04-01T05:40:31Z,Spring,3.25
2016-04-01T05:40:31Z,Spring,3.2333333333333334
2016-04-01T05:46:42Z,Spring,3.2
2016-04-01T05:46:42Z,Spring,3.1666666666666665
2016-04-01T05:47:20Z,Spring,3.1333333333333333
2016-04-01T05:47:20Z,Spring,3.1
2016-04-01T18:49:26Z,Spring,3.033333333333333
2016-04-01T18:51:38Z,Spring,2.966666666666667
2016-04-01T18:57:10Z,Spring,2.9
2016-04-01T18:57:58Z,Spring,2.8333333333333335
2016-04-01T18:58:23Z,Spring,2.783333333333333
2016-04-01T18:58:23Z,Spring,2.7333333333333334
2016-04-01T19:02:33Z,Spring,2.6666666666666665
2016-04-01T20:26:35Z,Spring,2.6166666666666667
2016-04-01T20:26:35Z,Spring,2.566666666666667
2016-04-01T20:29:40Z,Spring,2.5
2016-04-01T20:51:44Z,Spring,2.4833333333333334
2016-04-01T20:51:44Z,Spring,2.466666666666667
2016-04-01T21:21:43Z,Spring,2.433333333333333
2016-04-01T21:29:00Z,Spring,2.4166666666666665
2016-04-01T21:29:00Z,Spring,2.4
2016-04-01T21:29:00Z,Spring,2.3833333333333333
2016-04-02T00:14:56Z,Spring,2.35
2016-04-02T00:14:56Z,Spring,2.3333333333333335
2016-04-02T00:15:27Z,Spring,2.3
2016-04-02T02:47:38Z,Spring,2.3
2016-04-02T02:47:38Z,Spring,2.3
2016-04-02T02:47:38Z,Spring,2.3
2016-04-02T02:49:11Z,Spring,2.3333333333333335
2016-04-02T02:49:11Z,Spring,2.3666666666666667
2016-04-02T02:49:11Z,Spring,2.4
2016-04-02T02:49:11Z,Spring,2.433333333333333
2016-04-02T02:49:11Z,Spring,2.466666666666667
2016-04-02T02:49:27Z,Spring,2.45
2016-04-02T02:49:27Z,Spring,2.433333333333333
2016-04-02T02:49:58Z,Spring,2.4166666666666665
2016-04-02T02:49:58Z,Spring,2.4
2016-04-02T03:00:16Z,Spring,2.433333333333333
2016-04-02T03:00:16Z,Spring,2.466666666666667
2016-04-02T03:00:16Z,Spring,2.5
2016-04-02T03:00:16Z,Spring,2.533333333333333
2016-04-02T03:00:16Z,Spring,2.6
2016-04-02T14:38:18Z,Spring,2.5833333333333335
2016-04-02T14:44:59Z,Spring,2.566666666666667
2016-04-02T14:45:52Z,Spring,2.5166666666666666
2016-04-02T14:45:58Z,Spring,2.466666666666667
2016-04-02T14:48:00Z,Spring,2.4166666666666665
2016-04-02T15:02:51Z,Spring,2.3666666666666667
2016-04-03T05:00:10Z,Spring,2.35
2016-04-03T05:01:13Z,Spring,2.3333333333333335
2016-04-03T17:48:21Z,Spring,2.316666666666667
2016-04-04T23:56:57Z,Spring,2.316666666666667
2016-04-04T23:56:57Z,Spring,2.316666666666667
2016-04-05T21:56:49Z,Spring,2.3333333333333335
2016-04-05T21:56:49Z,Spring,2.35
2016-04-05T21:56:49Z,Spring,2.3666666666666667
2016-04-05T21:57:48Z,Spring,2.3833333333333333
2016-04-05T21:57:48Z,Spring,2.4
2016-04-05T21:57:48Z,Spring,2.4166666666666665
2016-04-05T22:01:30Z,Spring,2.4
2016-04-05T22:03:55Z,Spring,2.3833333333333333
2016-04-05T22:28:02Z,Spring,2.3833333333333333
2016-04-05T22:28:02Z,Spring,2.3833333333333333
2016-04-05T23:23:48Z,Spring,2.3833333333333333
2016-04-05T23:23:48Z,Spring,2.3833333333333333
2016-04-05T23:24:02Z,Spring,2.3833333333333333
2016-04-05T23:24:02Z,Spring,2.4
2016-04-05T23:27:23Z,Spring,2.4166666666666665
2016-04-05T23:27:23Z,Spring,2.433333333333333
2016-04-05T23:28:55Z,Spring,2.45
2016-04-05T23:28:55Z,Spring,2.45
2016-04-05T23:29:03Z,Spring,2.45
2016-04-05T23:29:03Z,Spring,2.466666666666667
2016-04-05T23:29:11Z,Spring,2.466666666666667
2016-04-05T23:29:11Z,Spring,2.466666666666667
2016-04-05T23:29:16Z,Spring,2.4833333333333334
2016-04-05T23:29:16Z,Spring,2.4833333333333334
2016-04-05T23:29:24Z,Spring,2.4833333333333334
2016-04-05T23:29:24Z,Spring,2.5
2016-04-05T23:29:25Z,Spring,2.4833333333333334
2016-04-05T23:29:25Z,Spring,2.466666666666667
2016-04-05T23:29:32Z,Spring,2.45
2016-04-05T23:29:32Z,Spring,2.45
2016-04-05T23:29:52Z,Spring,2.45
2016-04-05T23:29:52Z,Spring,2.466666666666667
2016-04-05T23:29:54Z,Spring,2.4833333333333334
2016-04-05T23:29:54Z,Spring,2.5
2016-04-05T23:29:54Z,Spring,2.5166666666666666
2016-04-05T23:29:54Z,Spring,2.5
2016-04-05T23:29:58Z,Spring,2.45
2016-04-05T23:29:58Z,Spring,2.4
2016-04-05T23:30:11Z,Spring,2.35
2016-04-05T23:30:11Z,Spring,2.3
2016-04-05T23:30:34Z,Spring,2.3
2016-04-05T23:30:34Z,Spring,2.3
2016-04-05T23:31:33Z,Spring,2.3
2016-04-05T23:31:33Z,Spring,2.3
2016-04-05T23:31:34Z,Spring,2.25
2016-04-05T23:31:34Z,Spring,2.2
2016-04-05T23:31:41Z,Spring,2.1666666666666665
2016-04-05T23:31:41Z,Spring,2.1333333333333333
2016-04-05T23:31:41Z,Spring,2.1
2016-04-05T23:32:01Z,Spring,2.1166666666666667
2016-04-05T23:32:01Z,Spring,2.1333333333333333
2016-04-05T23:32:04Z,Spring,2.15
2016-04-05T23:32:04Z,Spring,2.1666666666666665
2016-04-05T23:33:21Z,Spring,2.183333333333333
2016-04-05T23:33:21Z,Spring,2.2
2016-04-05T23:34:01Z,Spring,2.216666666666667
2016-04-05T23:34:01Z,Spring,2.2333333333333334
2016-04-05T23:34:03Z,Spring,2.25
2016-04-05T23:34:03Z,Spring,2.25
2016-04-05T23:34:06Z,Spring,2.25
2016-04-05T23:34:06Z,Spring,2.2333333333333334
2016-04-05T23:34:15Z,Spring,2.2
2016-04-05T23:34:22Z,Spring,2.183333333333333
2016-04-05T23:34:22Z,Spring,2.1666666666666665
2016-04-05T23:34:29Z,Spring,2.15
2016-04-05T23:34:29Z,Spring,2.1333333333333333
2016-04-06T01:08:30Z,Spring,2.15
2016-04-06T01:08:30Z,Spring,2.1666666666666665
2016-04-06T02:11:29Z,Spring,2.1666666666666665
2016-04-06T02:11:29Z,Spring,2.1666666666666665
2016-04-06T02:16:16Z,Spring,2.183333333333333
2016-04-06T02:16:16Z,Spring,2.2
2016-04-06T02:16:16Z,Spring,2.216666666666667
2016-04-06T02:22:39Z,Spring,2.2333333333333334
2016-04-06T02:22:39Z,Spring,2.25
2016-04-06T02:22:39Z,Spring,2.2666666666666666
2016-04-06T04:46:14Z,Spring,2.25
2016-04-06T06:23:25Z,Spring,2.25
2016-04-06T06:23:25Z,Spring,2.25
2016-04-06T06:23:46Z,Spring,2.25
2016-04-06T06:23:46Z,Spring,2.25
2016-04-06T06:39:28Z,Spring,2.25
2016-04-06T06:39:28Z,Spring,2.25
2016-04-06T07:18:10Z,Spring,2.316666666666667
2016-04-06T07:18:10Z,Spring,2.3833333333333333
2016-04-06T07:18:10Z,Spring,2.45
2016-04-06T07:18:10Z,Spring,2.5166666666666666
2016-04-06T07:18:10Z,Spring,2.5833333333333335
2016-04-06T07:18:10Z,Spring,2.65
2016-04-06T07:18:16Z,Spring,2.7
2016-04-06T07:18:16Z,Spring,2.75
2016-04-06T07:18:16Z,Spring,2.8
2016-04-06T07:18:16Z,Spring,2.816666666666667
2016-04-06T07:18:16Z,Spring,2.8333333333333335
2016-04-06T07:18:39Z,Spring,2.816666666666667
2016-04-06T07:18:39Z,Spring,2.8
2016-04-06T07:18:39Z,Spring,2.816666666666667
2016-04-06T07:20:02Z,Spring,2.816666666666667
2016-04-06T07:20:02Z,Spring,2.816666666666667
2016-04-06T09:09:42Z,Spring,2.8
2016-04-07T22:52:10Z,Spring,2.8
2016-04-07T22:52:10Z,Spring,2.8
2016-04-07T22:57:48Z,Spring,2.783333333333333
2016-04-07T23:00:45Z,Spring,2.783333333333333
2016-04-07T23:00:45Z,Spring,2.783333333333333
2016-04-07T23:00:57Z,Spring,2.783333333333333
2016-04-07T23:00:57Z,Spring,2.7666666666666666
2016-04-07T23:06:46Z,Spring,2.7333333333333334
2016-04-07T23:19:07Z,Spring,2.7
2016-04-07T23:33:13Z,Spring,2.716666666666667
2016-04-07T23:33:13Z,Spring,2.7333333333333334
2016-04-07T23:33:13Z,Spring,2.75
2016-04-07T23:39:03Z,Spring,2.7333333333333334
2016-04-07T23:45:49Z,Spring,2.7333333333333334
2016-04-07T23:45:49Z,Spring,2.7333333333333334
2016-04-07T23:57:29Z,Spring,2.716666666666667
2016-04-08T01:13:36Z,Spring,2.7
2016-04-08T01:13:55Z,Spring,2.683333333333333
2016-04-08T01:15:55Z,Spring,2.6666666666666665
2016-04-08T01:19:38Z,Spring,2.6666666666666665
2016-04-08T01:19:38Z,Spring,2.6666666666666665
2016-04-08T03:02:32Z,Spring,2.716666666666667
2016-04-08T03:02:32Z,Spring,2.75
2016-04-08T03:02:32Z,Spring,2.783333333333333
2016-04-08T03:02:32Z,Spring,2.816666666666667
2016-04-08T05:35:21Z,Spring,2.8
2016-04-08T06:47:22Z,Spring,2.783333333333333
2016-04-08T08:20:37Z,Spring,2.7666666666666666
2016-04-08T23:23:31Z,Spring,2.816666666666667
2016-04-08T23:23:31Z,Spring,2.8666666666666667
2016-04-08T23:23:31Z,Spring,2.9
2016-04-08T23:23:31Z,Spring,2.933333333333333
2016-04-08T23:23:31Z,Spring,2.966666666666667
2016-04-08T23:26:05Z,Spring,2.933333333333333
2016-04-08T23:29:01Z,Spring,2.9
2016-04-09T22:48:04Z,Spring,2.8666666666666667
2016-04-10T23:07:04Z,Spring,2.9
2016-04-10T23:07:04Z,Spring,2.9166666666666665
2016-04-10T23:07:04Z,Spring,2.933333333333333
2016-04-10T23:13:59Z,Spring,2.95
2016-04-10T23:13:59Z,Spring,2.966666666666667
2016-04-10T23:13:59Z,Spring,2.9833333333333334
2016-04-10T23:15:54Z,Spring,3.05
2016-04-10T23:15:54Z,Spring,3.05
2016-04-10T23:15:54Z,Spring,3.05
2016-04-10T23:15:54Z,Spring,3.05
2016-04-10T23:15:54Z,Spring,3.05
2016-04-10T23:15:54Z,Spring,3.05
2016-04-10T23:16:37Z,Spring,2.966666666666667
2016-04-10T23:16:52Z,Spring,2.9166666666666665
2016-04-10T23:16:52Z,Spring,2.8666666666666667
2016-04-10T23:19:00Z,Spring,2.816666666666667
2016-04-10T23:19:00Z,Spring,2.7666666666666666
2016-04-10T23:20:51Z,Spring,2.7333333333333334
2016-04-10T23:20:51Z,Spring,2.7333333333333334
2016-04-10T23:20:51Z,Spring,2.7333333333333334
2016-04-10T23:21:38Z,Spring,2.7
2016-04-10T23:23:30Z,Spring,2.716666666666667
2016-04-10T23:23:30Z,Spring,2.7333333333333334
2016-04-10T23:23:30Z,Spring,2.7666666666666666
2016-04-10T23:26:51Z,Spring,2.8
2016-04-10T23:26:51Z,Spring,2.8333333333333335
2016-04-10T23:26:51Z,Spring,2.8833333333333333
2016-04-10T23:26:51Z,Spring,2.9166666666666665
2016-04-10T23:27:29Z,Spring,2.933333333333333
2016-04-10T23:27:29Z,Spring,2.95
2016-04-10T23:27:29Z,Spring,2.966666666666667
2016-04-10T23:31:13Z,Spring,2.966666666666667
2016-04-10T23:32:42Z,Spring,2.9833333333333334
2016-04-10T23:32:42Z,Spring,2.966666666666667
2016-04-12T03:14:59Z,Spring,2.966666666666667
2016-04-12T03:14:59Z,Spring,2.966666666666667
2016-04-12T03:14:59Z,Spring,3
2016-04-12T03:22:48Z,Spring,3
2016-04-12T03:22:48Z,Spring,3
2016-04-12T03:25:16Z,Spring,3.033333333333333
2016-04-12T03:25:16Z,Spring,3.066666666666667
2016-04-12T03:25:16Z,Spring,3.1
2016-04-12T03:27:55Z,Spring,3.1
2016-04-12T03:34:01Z,Spring,3.1166666666666667
2016-04-12T03:34:01Z,Spring,3.1333333333333333
2016-04-12T03:34:01Z,Spring,3.1166666666666667
2016-04-12T03:40:56Z,Spring,3.1
2016-04-12T03:40:56Z,Spring,3.0833333333333335
2016-04-12T03:40:56Z,Spring,3.066666666666667
2016-04-12T03:55:14Z,Spring,3.0833333333333335
2016-04-12T03:55:14Z,Spring,3.1
2016-04-12T04:00:40Z,Spring,3.1166666666666667
2016-04-12T04:00:40Z,Spring,3.066666666666667
2016-04-12T04:07:24Z,Spring,3.033333333333333
2016-04-12T04:07:24Z,Spring,3
2016-04-12T04:07:24Z,Spring,2.966666666666667
2016-04-12T04:11:26Z,Spring,2.933333333333333
2016-04-12T04:11:26Z,Spring,2.966666666666667
2016-04-12T04:11:26Z,Spring,3
2016-04-12T04:13:43Z,Spring,3.2333333333333334
2016-04-12T04:13:43Z,Spring,3.433333333333333
2016-04-12T04:13:43Z,Spring,3.6333333333333333
2016-04-12T04:13:43Z,Spring,3.8333333333333335
2016-04-12T04:13:43Z,Spring,4.033333333333333
2016-04-12T04:13:43Z,Spring,4.233333333333333
2016-04-12T04:13:43Z,Spring,4.433333333333334
2016-04-12T04:13:43Z,Spring,4.583333333333333
2016-04-12T04:13:43Z,Spring,4.733333333333333
2016-04-12T04:13:43Z,Spring,4.883333333333334
2016-04-12T04:13:43Z,Spring,5.033333333333333
2016-04-12T04:13:43Z,Spring,5.183333333333334
2016-04-12T04:13:43Z,Spring,5.333333333333333
2016-04-12T04:13:43Z,Spring,5.566666666666666
2016-04-12T04:13:43Z,Spring,5.783333333333333
2016-04-12T16:24:08Z,Spring,5.766666666666667
2016-04-14T15:03:23Z,Spring,5.75
2016-04-15T12:01:49Z,Spring,5.733333333333333
2016-04-18T18:31:40Z,Spring,5.733333333333333
2016-04-18T18:31:40Z,Spring,5.733333333333333
2016-04-18T18:31:40Z,Spring,5.733333333333333
2016-04-19T08:38:37Z,Spring,5.75
2016-04-19T08:38:37Z,Spring,5.733333333333333
2016-04-19T08:50:09Z,Spring,5.7
2016-04-19T09:19:18Z,Spring,5.666666666666667
2016-04-19T10:06:18Z,Spring,5.616666666666666
2016-04-19T11:56:55Z,Spring,5.6
2016-04-19T11:56:55Z,Spring,5.583333333333333
2016-04-19T11:56:55Z,Spring,5.566666666666666
2016-04-20T03:10:03Z,Spring,5.533333333333333
2016-04-20T04:55:38Z,Spring,5.533333333333333
2016-04-20T04:55:38Z,Spring,5.533333333333333
2016-04-20T04:55:38Z,Spring,5.566666666666666
2016-04-20T07:50:21Z,Spring,5.55
2016-04-20T08:29:11Z,Spring,5.533333333333333
2016-04-20T08:41:00Z,Spring,5.533333333333333
2016-04-20T08:41:00Z,Spring,5.533333333333333
2016-04-20T08:41:00Z,Spring,5.533333333333333
2016-04-21T05:48:45Z,Spring,5.516666666666667
2016-04-21T06:07:56Z,Spring,5.5
2016-04-22T17:46:23Z,Spring,5.5
2016-04-22T17:46:23Z,Spring,5.5
2016-04-22T17:46:23Z,Spring,5.5
2016-04-22T17:52:58Z,Spring,5.516666666666667
2016-04-22T17:52:58Z,Spring,5.5
2016-04-22T17:53:29Z,Spring,5.466666666666667
2016-04-22T17:56:37Z,Spring,5.483333333333333
2016-04-22T17:56:37Z,Spring,5.5
2016-04-22T17:56:37Z,Spring,5.516666666666667
2016-04-22T17:56:37Z,Spring,5.533333333333333
2016-04-23T13:53:58Z,Spring,5.516666666666667
2016-04-24T15:15:52Z,Spring,5.516666666666667
2016-04-24T15:15:52Z,Spring,5.516666666666667
2016-04-25T02:33:09Z,Spring,5.5
2016-04-25T02:37:04Z,Spring,5.466666666666667
2016-04-25T03:01:44Z,Spring,5.516666666666667
2016-04-25T03:01:44Z,Spring,5.566666666666666
2016-04-25T03:01:44Z,Spring,5.616666666666666
2016-04-25T03:01:44Z,Spring,5.666666666666667
2016-04-25T03:01:44Z,Spring,5.716666666666667
2016-04-25T03:01:44Z,Spring,5.566666666666666
2016-04-27T12:49:49Z,Spring,5.333333333333333
2016-04-27T22:49:34Z,Spring,5.1
2016-04-29T13:43:42Z,Spring,4.883333333333334
2016-04-29T13:43:42Z,Spring,4.666666666666667
2016-04-29T18:17:22Z,Spring,4.466666666666667
2016-04-29T18:17:22Z,Spring,4.266666666666667
2016-04-29T18:17:22Z,Spring,4.066666666666666
2016-04-29T18:49:34Z,Spring,3.85
2016-04-29T18:49:34Z,Spring,3.6333333333333333
2016-05-02T00:34:13Z,Spring,3.4
2016-05-02T00:51:52Z,Spring,3.2333333333333334
2016-05-02T00:51:52Z,Spring,3.066666666666667
2016-05-02T00:51:52Z,Spring,2.9
2016-05-02T00:51:52Z,Spring,2.7333333333333334
2016-05-02T00:51:52Z,Spring,2.8
2016-05-02T00:51:57Z,Spring,2.8666666666666667
2016-05-02T00:51:57Z,Spring,2.933333333333333
2016-05-02T00:51:57Z,Spring,2.966666666666667
2016-05-02T00:51:57Z,Spring,3
2016-05-02T00:51:57Z,Spring,3.033333333333333
2016-05-02T00:53:06Z,Spring,3.0166666666666666
2016-05-02T00:53:44Z,Spring,3
2016-05-02T01:48:51Z,Spring,3
2016-05-02T02:07:50Z,Spring,3
2016-05-02T02:12:42Z,Spring,3
2016-05-02T02:13:48Z,Spring,2.966666666666667
2016-05-02T02:14:20Z,Spring,2.933333333333333
2016-05-02T13:44:52Z,Spring,2.9
2016-05-02T16:11:15Z,Spring,2.9
2016-05-02T16:28:28Z,Spring,2.8666666666666667
2016-05-04T22:19:20Z,Spring,2.8333333333333335
2016-05-06T12:09:13Z,Spring,2.8
2016-05-06T13:26:42Z,Spring,2.8
2016-05-06T14:08:37Z,Spring,2.8
2016-05-07T02:22:38Z,Spring,2.783333333333333
2016-05-07T02:22:38Z,Spring,2.7666666666666666
2016-05-07T02:28:55Z,Spring,2.75
2016-05-07T02:28:55Z,Spring,2.7666666666666666
2016-05-07T02:32:24Z,Spring,2.8
2016-05-07T02:32:24Z,Spring,2.8
2016-05-07T02:32:24Z,Spring,2.8
2016-05-09T02:58:30Z,Spring,2.7666666666666666
2016-05-09T04:12:52Z,Spring,2.7666666666666666
2016-05-09T04:12:52Z,Spring,2.7666666666666666
2016-05-09T13:58:13Z,Spring,2.8
2016-05-09T13:58:13Z,Spring,2.783333333333333
2016-05-09T13:58:13Z,Spring,2.7666666666666666
2016-05-11T04:53:15Z,Spring,2.7333333333333334
2016-05-11T04:53:15Z,Spring,2.7
2016-05-11T18:15:55Z,Spring,2.7
2016-05-11T18:16:04Z,Spring,2.75
2016-05-11T18:16:04Z,Spring,2.8
2016-05-11T18:16:04Z,Spring,2.8666666666666667
2016-05-11T18:16:04Z,Spring,2.933333333333333
2016-05-11T18:16:04Z,Spring,2.9166666666666665
2016-05-11T18:16:05Z,Spring,2.8833333333333333
2016-05-11T18:16:05Z,Spring,2.85
2016-05-11T18:16:05Z,Spring,2.816666666666667
2016-05-11T18:16:05Z,Spring,2.783333333333333
2016-05-11T18:16:21Z,Spring,2.716666666666667
2016-05-11T18:16:21Z,Spring,2.7333333333333334
2016-05-11T18:16:23Z,Spring,2.7333333333333334
2016-05-11T18:16:31Z,Spring,2.75
2016-05-11T18:16:31Z,Spring,2.7666666666666666
2016-05-11T18:16:31Z,Spring,2.7666666666666666
2016-05-11T18:16:38Z,Spring,2.7666666666666666
2016-05-11T18:16:38Z,Spring,2.7666666666666666
2016-05-11T18:16:38Z,Spring,2.783333333333333
2016-05-11T18:16:44Z,Spring,2.783333333333333
2016-05-11T18:16:44Z,Spring,2.8
2016-05-11T18:17:06Z,Spring,2.7333333333333334
2016-05-11T18:17:10Z,Spring,2.6666666666666665
2016-05-11T18:17:26Z,Spring,2.6
2016-05-11T18:18:29Z,Spring,2.55
2016-05-11T18:18:29Z,Spring,2.5
2016-05-11T18:18:56Z,Spring,2.466666666666667
2016-05-11T18:18:56Z,Spring,2.433333333333333
2016-05-11T18:18:56Z,Spring,2.4
2016-05-11T18:19:15Z,Spring,2.4
2016-05-11T18:19:15Z,Spring,2.4
2016-05-11T18:19:15Z,Spring,2.466666666666667
2016-05-11T18:19:15Z,Spring,2.533333333333333
2016-05-11T18:19:15Z,Spring,2.6
2016-05-11T18:19:17Z,Spring,2.6333333333333333
2016-05-11T18:19:17Z,Spring,2.6666666666666665
2016-05-11T18:19:17Z,Spring,2.7
2016-05-11T18:19:18Z,Spring,2.716666666666667
2016-05-11T18:19:18Z,Spring,2.7333333333333334
2016-05-11T18:20:59Z,Spring,2.783333333333333
2016-05-11T18:20:59Z,Spring,2.8333333333333335
2016-05-11T18:20:59Z,Spring,2.8833333333333333
2016-05-11T18:20:59Z,Spring,2.933333333333333
2016-05-11T18:25:10Z,Spring,2.933333333333333
2016-05-11T18:26:29Z,Spring,2.95
2016-05-11T18:26:29Z,Spring,2.95
2016-05-11T18:26:38Z,Spring,2.95
2016-05-11T18:26:38Z,Spring,2.95
2016-05-11T18:26:53Z,Spring,2.9833333333333334
2016-05-11T18:26:53Z,Spring,3
2016-05-11T18:26:53Z,Spring,3.0166666666666666
2016-05-11T18:26:53Z,Spring,3.033333333333333
2016-05-11T18:27:11Z,Spring,3.05
2016-05-11T18:27:11Z,Spring,3.05
2016-05-11T18:28:47Z,Spring,3.033333333333333
2016-05-15T13:05:37Z,Spring,3
2016-05-15T15:22:51Z,Spring,3.0166666666666666
2016-05-15T15:22:51Z,Spring,3.033333333333333
2016-05-15T15:22:51Z,Spring,3.066666666666667
2016-05-15T15:22:51Z,Spring,3.1
2016-05-16T06:26:44Z,Spring,3.1166666666666667
2016-05-16T06:26:44Z,Spring,3.066666666666667
2016-05-16T06:28:22Z,Spring,3.0166666666666666
2016-05-16T06:28:22Z,Spring,2.966666666666667
2016-05-16T06:31:22Z,Spring,2.933333333333333
2016-05-16T06:31:22Z,Spring,2.9
2016-05-16T06:31:22Z,Spring,2.8833333333333333
2016-05-16T18:00:34Z,Spring,2.85
2016-05-16T18:00:34Z,Spring,2.816666666666667
2016-05-16T18:03:49Z,Spring,2.8
2016-05-16T18:03:49Z,Spring,2.816666666666667
2016-05-16T18:03:49Z,Spring,2.8333333333333335
2016-05-16T18:04:31Z,Spring,2.85
2016-05-16T18:04:31Z,Spring,2.8333333333333335
2016-05-17T10:15:33Z,Spring,2.8
2016-05-17T14:18:53Z,Spring,2.7666666666666666
2016-05-18T00:09:36Z,Spring,2.7666666666666666
2016-05-18T00:09:36Z,Spring,2.7666666666666666
2016-05-18T00:09:36Z,Spring,2.7666666666666666
2016-05-18T03:26:31Z,Spring,2.783333333333333
2016-05-18T03:26:31Z,Spring,2.8
2016-05-18T03:26:31Z,Spring,2.8333333333333335
2016-05-18T20:12:06Z,Spring,2.85
2016-05-18T20:12:06Z,Spring,2.8666666666666667
2016-05-18T20:39:58Z,Spring,2.9
2016-05-18T20:39:58Z,Spring,2.933333333333333
2016-05-18T20:39:58Z,Spring,2.95
2016-05-18T20:39:58Z,Spring,2.966666666666667
2016-05-20T14:30:08Z,Spring,2.933333333333333
2016-05-21T00:57:51Z,Spring,2.8666666666666667
2016-05-23T03:54:53Z,Spring,2.8
2016-05-23T04:05:02Z,Spring,2.75
2016-05-23T04:05:02Z,Spring,2.7
2016-05-23T07:02:14Z,Spring,2.6333333333333333
2016-05-23T07:02:24Z,Spring,2.6166666666666667
2016-05-23T07:02:24Z,Spring,2.6
2016-05-23T07:12:39Z,Spring,2.6
2016-05-23T07:12:39Z,Spring,2.6166666666666667
2016-05-23T07:12:39Z,Spring,2.6333333333333333
2016-05-23T09:31:30Z,Spring,2.5833333333333335
2016-05-23T11:55:29Z,Spring,2.533333333333333
2016-05-24T03:53:20Z,Spring,2.4833333333333334
2016-05-24T05:00:30Z,Spring,2.433333333333333
2016-05-24T05:19:18Z,Spring,2.433333333333333
2016-05-24T06:38:14Z,Spring,2.433333333333333
2016-05-24T06:38:14Z,Spring,2.433333333333333
2016-05-24T07:52:49Z,Spring,2.4166666666666665
2016-05-24T15:13:38Z,Spring,2.4
2016-05-25T06:31:16Z,Spring,2.35
2016-05-25T07:15:41Z,Spring,2.316666666666667
2016-05-25T07:15:41Z,Spring,2.283333333333333
2016-05-25T07:22:35Z,Spring,2.2333333333333334
2016-05-25T08:27:45Z,Spring,2.2333333333333334
2016-05-25T08:27:45Z,Spring,2.2333333333333334
2016-05-25T16:42:53Z,Spring,2.2333333333333334
2016-05-31T09:40:41Z,Spring,2.2333333333333334
2016-05-31T09:41:12Z,Spring,2.183333333333333
2016-05-31T10:32:45Z,Spring,2.1333333333333333
2016-05-31T10:56:23Z,Spring,2.1
2016-05-31T10:56:23Z,Spring,2.066666666666667
2016-05-31T11:02:24Z,Spring,2.05
2016-05-31T14:08:43Z,Spring,2.0833333333333335
2016-05-31T14:08:43Z,Spring,2.1166666666666667
2016-05-31T14:08:43Z,Spring,2.15
2016-05-31T14:08:43Z,Spring,2.1666666666666665
2016-05-31T14:32:02Z,Spring,2.1666666666666665
2016-05-31T14:32:02Z,Spring,2.1666666666666665
2016-05-31T14:32:02Z,Spring,2.183333333333333
2016-05-31T14:35:53Z,Spring,2.1666666666666665
2016-05-31T15:09:06Z,Spring,2.15
2016-05-31T15:09:06Z,Spring,2.1333333333333333
2016-06-05T02:17:53Z,Summer,2.1166666666666667
2016-06-05T02:17:53Z,Summer,2.1166666666666667
2016-06-05T04:01:26Z,Summer,2.1333333333333333
2016-06-05T04:01:26Z,Summer,2.1666666666666665
2016-06-05T04:01:26Z,Summer,2.2
2016-06-06T15:39:32Z,Summer,2.1666666666666665
2016-06-06T15:50:18Z,Summer,2.1333333333333333
2016-06-06T15:50:22Z,Summer,2.1
2016-06-06T15:50:23Z,Summer,2.066666666666667
2016-06-08T03:30:49Z,Summer,2.05
2016-06-08T03:30:49Z,Summer,2.033333333333333
2016-06-08T04:06:59Z,Summer,2.05
2016-06-08T04:06:59Z,Summer,2.066666666666667
2016-06-08T04:06:59Z,Summer,2.05
2016-06-08T04:07:46Z,Summer,2.033333333333333
2016-06-08T04:07:46Z,Summer,2.0166666666666666
2016-06-08T04:07:46Z,Summer,2
2016-06-08T04:11:09Z,Summer,2.0166666666666666
2016-06-08T04:11:09Z,Summer,2.033333333333333
2016-06-08T04:16:14Z,Summer,2.066666666666667
2016-06-08T04:16:14Z,Summer,2.0833333333333335
2016-06-08T04:16:14Z,Summer,2.1
2016-06-08T05:28:43Z,Summer,2.1166666666666667
2016-06-08T05:28:43Z,Summer,2.1166666666666667
2016-06-08T05:29:12Z,Summer,2.1166666666666667
2016-06-08T05:29:12Z,Summer,2.1
2016-06-08T05:29:40Z,Summer,2.1
2016-06-08T05:29:40Z,Summer,2.1
2016-06-08T05:29:40Z,Summer,2.1333333333333333
2016-06-08T05:29:50Z,Summer,2.15
2016-06-08T05:29:50Z,Summer,2.1666666666666665
2016-06-08T05:30:25Z,Summer,2.183333333333333
2016-06-08T05:30:25Z,Summer,2.2
2016-06-08T05:31:04Z,Summer,2.2333333333333334
2016-06-08T05:31:04Z,Summer,2.2666666666666666
2016-06-08T05:31:04Z,Summer,2.316666666666667
2016-06-08T05:31:04Z,Summer,2.3666666666666667
2016-06-08T05:32:46Z,Summer,2.3833333333333333
2016-06-08T05:32:46Z,Summer,2.3833333333333333
2016-06-08T05:32:48Z,Summer,2.4
2016-06-08T05:32:48Z,Summer,2.433333333333333
2016-06-08T05:32:48Z,Summer,2.45
2016-06-08T05:33:01Z,Summer,2.466666666666667
2016-06-08T05:33:01Z,Summer,2.5
2016-06-08T05:33:01Z,Summer,2.533333333333333
2016-06-08T05:33:04Z,Summer,2.6
2016-06-08T05:33:04Z,Summer,2.6666666666666665
2016-06-08T05:33:04Z,Summer,2.716666666666667
2016-06-08T05:33:04Z,Summer,2.7666666666666666
2016-06-08T05:33:04Z,Summer,2.8333333333333335
2016-06-08T05:33:21Z,Summer,2.816666666666667
2016-06-08T05:33:21Z,Summer,2.8
2016-06-08T05:33:21Z,Summer,2.783333333333333
2016-06-08T05:33:46Z,Summer,2.783333333333333
2016-06-08T05:33:46Z,Summer,2.8
2016-06-08T05:33:46Z,Summer,2.816666666666667
2016-06-08T05:33:46Z,Summer,2.8333333333333335
2016-06-08T05:33:47Z,Summer,2.8666666666666667
2016-06-08T05:33:47Z,Summer,2.8833333333333333
2016-06-08T05:33:47Z,Summer,2.9
2016-06-08T05:33:55Z,Summer,2.9
2016-06-08T05:33:55Z,Summer,2.9
2016-06-08T05:34:02Z,Summer,2.8833333333333333
2016-06-08T05:34:02Z,Summer,2.8666666666666667
2016-06-08T05:34:08Z,Summer,2.8666666666666667
2016-06-08T05:34:08Z,Summer,2.9
2016-06-08T05:34:08Z,Summer,2.933333333333333
2016-06-08T05:34:11Z,Summer,2.966666666666667
2016-06-08T05:34:11Z,Summer,3
2016-06-08T05:34:11Z,Summer,3.0166666666666666
2016-06-11T08:20:36Z,Summer,3.05
2016-06-11T08:20:36Z,Summer,3.066666666666667
2016-06-11T08:20:36Z,Summer,3.0833333333333335
2016-06-11T08:20:36Z,Summer,3.1
2016-06-11T08:20:45Z,Summer,3.0833333333333335
2016-06-11T08:20:45Z,Summer,3.066666666666667
2016-06-12T01:16:51Z,Summer,3.05
2016-06-12T01:16:51Z,Summer,3.05
2016-06-13T02:06:06Z,Summer,3.066666666666667
2016-06-13T02:06:06Z,Summer,3.066666666666667
2016-06-13T02:06:06Z,Summer,3.066666666666667
2016-06-13T02:07:18Z,Summer,3.05
2016-06-13T02:07:18Z,Summer,3.05
2016-06-13T02:15:02Z,Summer,3.05
2016-06-13T02:15:02Z,Summer,3.05
2016-06-14T01:49:42Z,Summer,3.066666666666667
2016-06-14T01:49:42Z,Summer,3.066666666666667
2016-06-14T01:49:42Z,Summer,3.066666666666667
2016-06-14T01:54:10Z,Summer,3.05
2016-06-14T01:54:10Z,Summer,3.05
2016-06-14T01:58:41Z,Summer,3.05
2016-06-14T01:58:41Z,Summer,3.05
2016-06-14T02:01:21Z,Summer,3.1
2016-06-14T02:01:21Z,Summer,3.1166666666666667
2016-06-14T02:01:21Z,Summer,3.1333333333333333
2016-06-14T02:01:21Z,Summer,3.15
2016-06-14T02:01:21Z,Summer,3.1666666666666665
2016-06-14T02:01:59Z,Summer,3.15
2016-06-15T03:48:37Z,Summer,3.15
2016-06-15T03:48:37Z,Summer,3.1333333333333333
2016-06-17T05:16:08Z,Summer,3.1
2016-06-17T09:15:03Z,Summer,3.0833333333333335
2016-06-17T09:15:03Z,Summer,3.066666666666667
2016-06-17T09:15:09Z,Summer,3.05
2016-06-17T09:15:09Z,Summer,3.033333333333333
2016-06-17T09:16:31Z,Summer,2.9833333333333334
2016-06-17T09:16:31Z,Summer,2.933333333333333
2016-06-17T09:30:03Z,Summer,2.8833333333333333
2016-06-17T09:30:03Z,Summer,2.8333333333333335
2016-06-17T13:20:07Z,Summer,2.7666666666666666
2016-06-17T14:10:02Z,Summer,2.7666666666666666
2016-06-17T14:10:02Z,Summer,2.7666666666666666
2016-06-17T14:10:02Z,Summer,2.7666666666666666
2016-06-17T14:11:32Z,Summer,2.8
2016-06-17T14:11:32Z,Summer,2.8333333333333335
2016-06-17T14:11:32Z,Summer,2.8666666666666667
2016-06-17T14:11:32Z,Summer,2.9
2016-06-17T14:11:32Z,Summer,2.95
2016-06-17T14:11:32Z,Summer,3
2016-06-18T12:43:54Z,Summer,3.15
2016-06-18T12:43:54Z,Summer,3.316666666666667
2016-06-18T12:43:54Z,Summer,3.4833333333333334
2016-06-18T12:43:54Z,Summer,3.65
2016-06-18T12:43:54Z,Summer,3.816666666666667
2016-06-18T12:43:54Z,Summer,3.966666666666667
2016-06-18T12:43:54Z,Summer,4.116666666666666
2016-06-18T12:43:54Z,Summer,4.266666666666667
2016-06-18T12:43:54Z,Summer,4.416666666666667
2016-06-18T12:43:54Z,Summer,4.566666666666666
2016-06-18T12:43:54Z,Summer,4.716666666666667
2016-06-18T12:43:54Z,Summer,4.85
2016-06-19T11:07:09Z,Summer,4.8
2016-06-19T11:43:43Z,Summer,4.75
2016-06-20T01:41:51Z,Summer,4.7
2016-06-20T09:04:28Z,Summer,4.7
2016-06-20T09:04:28Z,Summer,4.7
2016-06-20T14:14:25Z,Summer,4.683333333333334
2016-06-20T14:15:39Z,Summer,4.666666666666667
2016-06-20T14:15:43Z,Summer,4.633333333333334
2016-06-20T14:15:58Z,Summer,4.6
2016-06-20T14:16:26Z,Summer,4.583333333333333
2016-06-20T14:16:26Z,Summer,4.583333333333333
2016-06-20T14:17:20Z,Summer,4.566666666666666
2016-06-20T14:18:16Z,Summer,4.55
2016-06-20T14:19:47Z,Summer,4.533333333333333
2016-06-20T14:19:55Z,Summer,4.6
2016-06-20T14:19:55Z,Summer,4.666666666666667
2016-06-20T14:19:55Z,Summer,4.733333333333333
2016-06-20T14:19:55Z,Summer,4.816666666666666
2016-06-20T14:19:55Z,Summer,4.9
2016-06-20T14:19:55Z,Summer,4.983333333333333
2016-06-20T14:19:55Z,Summer,5.066666666666666
2016-06-20T14:20:09Z,Summer,5
2016-06-20T14:20:31Z,Summer,4.95
2016-06-20T14:20:31Z,Summer,4.9
2016-06-20T14:21:25Z,Summer,4.883333333333334
2016-06-20T14:21:25Z,Summer,4.866666666666666
2016-06-20T14:21:25Z,Summer,4.916666666666667
2016-06-20T14:21:25Z,Summer,4.95
2016-06-20T14:22:05Z,Summer,4.95
2016-06-20T14:22:05Z,Summer,4.966666666666667
2016-06-20T14:22:49Z,Summer,5
2016-06-20T14:22:49Z,Summer,5.033333333333333
2016-06-20T14:22:49Z,Summer,5.066666666666666
2016-06-20T14:22:49Z,Summer,5.1
2016-06-20T14:24:21Z,Summer,5.083333333333333
2016-06-20T14:27:27Z,Summer,5.083333333333333
2016-06-20T14:27:27Z,Summer,5.083333333333333
2016-06-20T14:28:00Z,Summer,5.066666666666666
2016-06-20T14:31:20Z,Summer,5.066666666666666
2016-06-20T14:33:23Z,Summer,5.033333333333333
2016-06-21T05:39:51Z,Summer,5
2016-06-21T06:11:16Z,Summer,4.983333333333333
2016-06-21T06:11:16Z,Summer,4.916666666666667
2016-06-21T09:54:07Z,Summer,4.85
2016-06-21T09:54:07Z,Summer,4.783333333333333
2016-06-21T09:54:09Z,Summer,4.75
2016-06-21T09:54:09Z,Summer,4.716666666666667
2016-06-21T09:54:09Z,Summer,4.683333333333334
2016-06-21T09:54:09Z,Summer,4.55
2016-06-21T09:54:15Z,Summer,4.383333333333334
2016-06-21T09:54:15Z,Summer,4.216666666666667
2016-06-21T09:55:15Z,Summer,4.05
2016-06-21T09:55:15Z,Summer,3.8833333333333333
2016-06-21T09:56:05Z,Summer,3.716666666666667
2016-06-21T09:56:05Z,Summer,3.55
2016-06-21T09:56:37Z,Summer,3.4
2016-06-21T09:56:37Z,Summer,3.25
2016-06-21T09:56:37Z,Summer,3.1
2016-06-28T14:11:17Z,Summer,2.9166666666666665
2016-06-29T15:10:12Z,Summer,2.7333333333333334
2016-07-07T21:58:51Z,Summer,2.75
2016-07-07T21:58:51Z,Summer,2.7666666666666666
2016-07-09T00:37:31Z,Summer,2.783333333333333
2016-07-09T00:37:31Z,Summer,2.783333333333333
2016-07-09T00:43:52Z,Summer,2.783333333333333
2016-07-09T00:43:52Z,Summer,2.8
2016-07-09T00:43:54Z,Summer,2.816666666666667
2016-07-09T00:43:54Z,Summer,2.8333333333333335
2016-07-09T01:27:09Z,Summer,2.8333333333333335
2016-07-09T01:27:30Z,Summer,2.8333333333333335
2016-07-09T01:27:30Z,Summer,2.8333333333333335
2016-07-09T01:27:37Z,Summer,2.9166666666666665
2016-07-09T01:27:37Z,Summer,3
2016-07-09T01:27:37Z,Summer,3.0833333333333335
2016-07-09T01:27:37Z,Summer,3.066666666666667
2016-07-09T01:27:37Z,Summer,3.05
2016-07-09T01:27:37Z,Summer,3.033333333333333
2016-07-09T01:27:41Z,Summer,2.933333333333333
2016-07-09T01:27:45Z,Summer,2.9
2016-07-09T01:27:45Z,Summer,2.8666666666666667
2016-07-09T01:27:45Z,Summer,2.8333333333333335
2016-07-09T01:27:45Z,Summer,2.9
2016-07-09T01:27:45Z,Summer,2.95
2016-07-09T01:27:47Z,Summer,3.066666666666667
2016-07-09T01:27:47Z,Summer,3.15
2016-07-09T01:27:47Z,Summer,3.2333333333333334
2016-07-09T01:27:47Z,Summer,3.316666666666667
2016-07-09T01:27:47Z,Summer,3.4
2016-07-09T01:27:47Z,Summer,3.5166666666666666
2016-07-09T01:27:47Z,Summer,3.6333333333333333
2016-07-09T01:27:47Z,Summer,3.716666666666667
2016-07-09T01:27:47Z,Summer,3.8
2016-07-09T01:27:48Z,Summer,3.75
2016-07-09T20:22:49Z,Summer,3.7
2016-07-09T20:27:11Z,Summer,3.7333333333333334
2016-07-09T20:27:11Z,Summer,3.75
2016-07-09T20:27:11Z,Summer,3.7666666666666666
2016-07-09T20:27:20Z,Summer,3.7666666666666666
2016-07-11T01:37:56Z,Summer,3.7666666666666666
2016-07-11T01:57:16Z,Summer,3.7666666666666666
2016-07-16T19:07:39Z,Summer,3.783333333333333
2016-07-16T19:07:39Z,Summer,3.783333333333333
2016-07-16T19:29:07Z,Summer,3.7666666666666666
2016-07-17T01:39:25Z,Summer,3.8
2016-07-17T01:39:25Z,Summer,3.8333333333333335
2016-07-17T01:39:25Z,Summer,3.8333333333333335
2016-07-17T01:39:25Z,Summer,3.8333333333333335
2016-07-17T02:10:27Z,Summer,3.816666666666667
2016-07-17T02:10:27Z,Summer,3.8
2016-07-17T02:10:27Z,Summer,3.816666666666667
2016-07-17T05:08:06Z,Summer,3.8
2016-07-17T05:24:25Z,Summer,3.783333333333333
2016-07-17T05:34:04Z,Summer,3.8
2016-07-17T05:34:04Z,Summer,3.816666666666667
2016-07-17T05:34:04Z,Summer,3.8333333333333335
2016-07-17T08:42:16Z,Summer,3.816666666666667
2016-07-17T08:42:16Z,Summer,3.8
2016-07-17T09:02:08Z,Summer,3.7666666666666666
2016-07-17T09:56:58Z,Summer,3.7666666666666666
2016-07-17T10:41:43Z,Summer,3.783333333333333
2016-07-17T10:41:43Z,Summer,3.783333333333333
2016-07-17T11:01:07Z,Summer,3.7666666666666666
2016-07-17T11:03:15Z,Summer,3.75
2016-07-17T11:18:06Z,Summer,3.783333333333333
2016-07-17T11:18:06Z,Summer,3.816666666666667
2016-07-17T11:18:06Z,Summer,3.85
2016-07-17T11:18:06Z,Summer,3.8833333333333333
2016-07-17T11:19:06Z,Summer,3.8833333333333333
2016-07-17T11:19:06Z,Summer,3.9
2016-07-17T12:06:51Z,Summer,3.8833333333333333
2016-07-17T12:25:27Z,Summer,3.9
2016-07-17T12:25:27Z,Summer,3.85
2016-07-17T12:25:27Z,Summer,3.8
2016-07-17T13:33:56Z,Summer,3.716666666666667
2016-07-18T04:00:03Z,Summer,3.6333333333333333
2016-07-18T04:23:36Z,Summer,3.55
2016-07-19T01:26:14Z,Summer,3.716666666666667
2016-07-19T01:26:14Z,Summer,3.966666666666667
2016-07-19T01:26:14Z,Summer,4.15
2016-07-19T01:26:14Z,Summer,4.333333333333333
2016-07-19T01:26:14Z,Summer,4.516666666666667
2016-07-19T01:26:14Z,Summer,4.7
2016-07-19T01:26:14Z,Summer,4.883333333333334
2016-07-19T01:26:14Z,Summer,5
2016-07-19T01:26:14Z,Summer,5.116666666666666
2016-07-19T01:26:14Z,Summer,5.233333333333333
2016-07-19T01:26:14Z,Summer,5.35
2016-07-19T01:26:14Z,Summer,5.466666666666667
2016-07-19T01:26:14Z,Summer,5.583333333333333
2016-07-19T01:26:14Z,Summer,5.7
2016-07-19T01:26:14Z,Summer,5.816666666666666
2016-07-19T01:26:14Z,Summer,5.933333333333334
2016-07-19T03:04:01Z,Summer,5.966666666666667
2016-07-19T03:04:01Z,Summer,6
2016-07-19T03:04:01Z,Summer,6
2016-07-19T03:04:05Z,Summer,5.966666666666667
2016-07-19T03:04:07Z,Summer,5.966666666666667
2016-07-19T03:04:07Z,Summer,6
2016-07-19T03:04:07Z,Summer,6.033333333333333
2016-07-19T03:04:28Z,Summer,6.05
2016-07-19T03:04:28Z,Summer,6.05
2016-07-19T03:04:35Z,Summer,6.083333333333333
2016-07-19T03:04:35Z,Summer,6.133333333333334
2016-07-19T03:04:35Z,Summer,6.133333333333334
2016-07-19T03:04:35Z,Summer,6.133333333333334
2016-07-19T04:54:13Z,Summer,6.083333333333333
2016-07-19T17:13:10Z,Summer,6.1
2016-07-19T17:13:10Z,Summer,6.133333333333334
2016-07-19T17:13:10Z,Summer,6.166666666666667
2016-07-19T17:13:10Z,Summer,6.2
2016-07-19T17:13:10Z,Summer,6.266666666666667
2016-07-19T21:07:31Z,Summer,6.266666666666667
2016-07-19T22:46:51Z,Summer,6.233333333333333
2016-07-20T02:02:52Z,Summer,6.266666666666667
2016-07-20T02:02:52Z,Summer,6.3
2016-07-20T02:02:52Z,Summer,6.35
2016-07-20T02:02:52Z,Summer,6.4
2016-07-20T02:02:52Z,Summer,6.466666666666667
2016-07-20T12:14:33Z,Summer,6.633333333333334
2016-07-20T12:14:33Z,Summer,6.783333333333333
2016-07-20T12:14:33Z,Summer,6.933333333333334
2016-07-20T12:14:33Z,Summer,7.1
2016-07-20T12:14:33Z,Summer,7.266666666666667
2016-07-20T12:14:33Z,Summer,7.383333333333334
2016-07-20T12:14:33Z,Summer,7.5
2016-07-20T12:14:33Z,Summer,7.616666666666666
2016-07-20T12:14:33Z,Summer,7.733333333333333
2016-07-20T12:14:33Z,Summer,7.883333333333334
2016-07-20T12:14:33Z,Summer,8.033333333333333
2016-07-20T15:40:19Z,Summer,8.05
2016-07-20T15:40:19Z,Summer,8.033333333333333
2016-07-20T17:34:24Z,Summer,8
2016-07-20T20:14:37Z,Summer,8
2016-07-20T20:14:37Z,Summer,8.033333333333333
2016-07-20T20:14:37Z,Summer,8.066666666666666
2016-07-20T22:27:32Z,Summer,8.1
2016-07-20T22:27:32Z,Summer,7.883333333333334
2016-07-20T22:27:32Z,Summer,7.666666666666667
2016-07-20T22:42:06Z,Summer,7.45
2016-07-20T22:42:06Z,Summer,7.233333333333333
2016-07-20T22:42:06Z,Summer,7.016666666666667
2016-07-20T23:11:16Z,Summer,6.783333333333333
2016-07-20T23:11:16Z,Summer,6.55
2016-07-20T23:47:06Z,Summer,6.316666666666666
2016-07-20T23:47:06Z,Summer,6.083333333333333
2016-07-21T00:17:02Z,Summer,5.85
2016-07-21T00:17:02Z,Summer,5.616666666666666
2016-07-21T00:17:06Z,Summer,5.366666666666666
2016-07-21T00:17:09Z,Summer,5.116666666666666
2016-07-21T01:17:12Z,Summer,4.866666666666666
2016-07-21T01:17:44Z,Summer,4.633333333333334
2016-07-21T01:17:44Z,Summer,4.4
2016-07-21T01:49:23Z,Summer,4.366666666666666
2016-07-21T01:49:25Z,Summer,4.333333333333333
2016-07-21T02:11:49Z,Summer,4.3
2016-07-21T02:50:42Z,Summer,4.316666666666666
2016-07-21T02:50:42Z,Summer,4.3
2016-07-21T02:53:01Z,Summer,4.266666666666667
2016-07-21T03:41:01Z,Summer,4.233333333333333
2016-07-21T05:03:52Z,Summer,4.233333333333333
2016-07-21T05:03:52Z,Summer,4.233333333333333
2016-07-21T05:03:53Z,Summer,4.2
2016-07-21T05:03:53Z,Summer,4.166666666666667
2016-07-21T05:03:54Z,Summer,4.133333333333334
2016-07-21T05:03:54Z,Summer,4.1
2016-07-21T05:19:50Z,Summer,4.116666666666666
2016-07-21T05:19:50Z,Summer,4.066666666666666
2016-07-21T05:19:57Z,Summer,4.016666666666667
2016-07-21T05:19:57Z,Summer,3.966666666666667
2016-07-21T05:20:02Z,Summer,3.9166666666666665
2016-07-21T05:20:02Z,Summer,3.8666666666666667
2016-07-21T05:41:59Z,Summer,3.8833333333333333
2016-07-21T05:41:59Z,Summer,3.9
2016-07-21T06:00:02Z,Summer,3.85
2016-07-21T06:00:02Z,Summer,3.8
2016-07-21T08:34:30Z,Summer,3.7333333333333334
2016-07-21T09:00:36Z,Summer,3.7
2016-07-21T09:00:36Z,Summer,3.6666666666666665
2016-07-21T09:00:36Z,Summer,3.533333333333333
2016-07-21T09:30:34Z,Summer,3.3666666666666667
2016-07-21T13:22:02Z,Summer,3.25
2016-07-21T13:22:02Z,Summer,3.1333333333333333
2016-07-21T13:22:02Z,Summer,3.0166666666666666
2016-07-21T13:22:02Z,Summer,2.9
2016-07-21T13:39:28Z,Summer,2.7333333333333334
2016-07-21T13:39:32Z,Summer,2.5833333333333335
2016-07-21T13:39:32Z,Summer,2.433333333333333
2016-07-21T14:07:11Z,Summer,2.2666666666666666
2016-07-21T14:07:23Z,Summer,2.1166666666666667
2016-07-21T14:07:23Z,Summer,2.1166666666666667
2016-07-21T14:08:57Z,Summer,2.1
2016-07-21T14:17:54Z,Summer,2.1
2016-07-21T14:28:23Z,Summer,2.0833333333333335
2016-07-21T14:28:23Z,Summer,2.066666666666667
2016-07-21T14:29:22Z,Summer,2.05
2016-07-21T14:29:22Z,Summer,2.033333333333333
2016-07-21T14:29:23Z,Summer,2.0166666666666666
2016-07-21T14:29:23Z,Summer,2
2016-07-21T14:29:24Z,Summer,2.033333333333333
2016-07-21T14:29:24Z,Summer,2.066666666666667
2016-07-21T14:29:24Z,Summer,2.1
2016-07-21T14:29:24Z,Summer,2.15
2016-07-21T14:29:24Z,Summer,2.2
2016-07-21T14:29:25Z,Summer,2.183333333333333
2016-07-21T14:31:39Z,Summer,2.183333333333333
2016-07-21T14:31:39Z,Summer,2.183333333333333
2016-07-22T00:15:00Z,Summer,2.1666666666666665
2016-07-26T17:46:33Z,Summer,2.1666666666666665
2016-07-26T21:19:49Z,Summer,2.183333333333333
2016-07-26T21:19:49Z,Summer,2.2
2016-07-26T21:53:00Z,Summer,2.183333333333333
2016-07-26T22:09:49Z,Summer,2.2
2016-07-26T22:09:49Z,Summer,2.2333333333333334
2016-07-26T22:09:49Z,Summer,2.2666666666666666
2016-07-26T22:49:23Z,Summer,2.2666666666666666
2016-07-27T01:23:16Z,Summer,2.25
2016-07-27T02:37:58Z,Summer,2.2333333333333334
2016-07-27T02:38:36Z,Summer,2.2333333333333334
2016-07-27T06:28:43Z,Summer,2.3333333333333335
2016-07-27T06:28:43Z,Summer,2.4166666666666665
2016-07-27T06:28:43Z,Summer,2.5
2016-07-27T06:28:43Z,Summer,2.5833333333333335
2016-07-27T06:28:43Z,Summer,2.6666666666666665
2016-07-27T06:28:43Z,Summer,2.75
2016-07-27T06:28:43Z,Summer,2.8333333333333335
2016-07-27T08:06:16Z,Summer,2.85
2016-07-27T08:06:16Z,Summer,2.8666666666666667
2016-07-27T08:06:16Z,Summer,2.8833333333333333
2016-07-27T08:15:04Z,Summer,2.9166666666666665
2016-07-27T08:15:04Z,Summer,2.95
2016-07-27T08:15:04Z,Summer,2.9833333333333334
2016-07-27T08:15:04Z,Summer,3.0166666666666666
2016-07-27T08:22:47Z,Summer,3.0166666666666666
2016-07-27T08:22:47Z,Summer,3.0166666666666666
2016-07-27T12:24:16Z,Summer,3
2016-07-27T13:51:53Z,Summer,3
2016-07-27T13:58:25Z,Summer,3.05
2016-07-27T13:58:25Z,Summer,3.1
2016-07-27T13:58:25Z,Summer,3.15
2016-07-27T13:58:25Z,Summer,3.2333333333333334
2016-07-27T13:58:25Z,Summer,3.2666666666666666
2016-07-27T13:58:25Z,Summer,3.3
2016-07-27T14:42:57Z,Summer,3.316666666666667
2016-07-27T14:42:57Z,Summer,3.3333333333333335
2016-07-27T14:42:57Z,Summer,3.4
2016-07-27T14:42:57Z,Summer,3.45
2016-07-27T14:42:57Z,Summer,3.5
2016-07-27T16:04:41Z,Summer,3.5
2016-07-27T20:30:41Z,Summer,3.5
2016-07-27T20:30:41Z,Summer,3.5
2016-07-27T20:34:31Z,Summer,3.5166666666666666
2016-07-27T20:34:31Z,Summer,3.533333333333333
2016-07-27T20:44:27Z,Summer,3.5166666666666666
2016-07-27T20:47:48Z,Summer,3.5166666666666666
2016-07-27T20:47:48Z,Summer,3.5166666666666666
2016-07-27T21:22:20Z,Summer,3.5
2016-07-27T21:26:04Z,Summer,3.5
2016-07-27T21:26:04Z,Summer,3.5
2016-07-27T21:43:40Z,Summer,3.433333333333333
2016-07-28T00:55:23Z,Summer,3.3666666666666667
2016-07-28T04:48:36Z,Summer,3.3
2016-07-28T04:55:26Z,Summer,3.2333333333333334
2016-07-28T05:07:04Z,Summer,3.1666666666666665
2016-07-28T10:12:19Z,Summer,3.1666666666666665
2016-07-28T11:30:06Z,Summer,3.183333333333333
2016-07-28T11:30:06Z,Summer,3.2
2016-07-28T11:30:06Z,Summer,3.2333333333333334
2016-07-28T13:24:16Z,Summer,3.25
2016-07-28T13:24:16Z,Summer,3.25
2016-07-28T13:24:17Z,Summer,3.2333333333333334
2016-07-28T15:38:06Z,Summer,3.25
2016-07-28T15:38:06Z,Summer,3.2333333333333334
2016-07-28T18:44:26Z,Summer,3.2
2016-07-28T18:45:43Z,Summer,3.1666666666666665
2016-07-28T19:12:34Z,Summer,3.1666666666666665
2016-07-28T20:20:17Z,Summer,3.1666666666666665
2016-07-29T23:18:48Z,Summer,3.2
2016-07-29T23:18:48Z,Summer,3.2333333333333334
2016-07-29T23:18:48Z,Summer,3.1666666666666665
2016-07-29T23:37:21Z,Summer,3.0833333333333335
2016-07-29T23:37:21Z,Summer,3
2016-07-29T23:42:22Z,Summer,2.9
2016-07-29T23:48:42Z,Summer,2.8
2016-07-29T23:49:40Z,Summer,2.816666666666667
2016-07-29T23:49:40Z,Summer,2.8333333333333335
2016-07-29T23:49:40Z,Summer,2.9166666666666665
2016-07-29T23:49:40Z,Summer,3
2016-07-29T23:49:40Z,Summer,3.0833333333333335
2016-07-29T23:49:40Z,Summer,3.15
2016-07-29T23:49:40Z,Summer,3.216666666666667
2016-07-29T23:49:40Z,Summer,3.283333333333333
2016-07-29T23:56:52Z,Summer,3.25
2016-07-29T23:56:52Z,Summer,3.25
2016-07-30T03:46:49Z,Summer,3.2333333333333334
2016-07-30T03:50:17Z,Summer,3.25
2016-07-30T03:50:17Z,Summer,3.2666666666666666
2016-07-30T03:51:46Z,Summer,3.2
2016-07-30T03:51:46Z,Summer,3.1333333333333333
2016-07-30T05:56:33Z,Summer,3.1333333333333333
2016-07-30T05:56:33Z,Summer,3.1333333333333333
2016-07-30T05:56:33Z,Summer,3.1333333333333333
2016-07-30T05:56:33Z,Summer,3.1333333333333333
2016-07-30T05:56:33Z,Summer,3.15
2016-07-30T05:56:33Z,Summer,3.1666666666666665
2016-07-30T05:58:09Z,Summer,4.183333333333334
2016-07-30T05:58:09Z,Summer,5.2
2016-07-30T05:58:09Z,Summer,6.216666666666667
2016-07-30T05:58:09Z,Summer,7.3
2016-07-30T05:58:09Z,Summer,8.366666666666667
2016-07-30T05:58:09Z,Summer,9.433333333333334
2016-07-30T05:58:09Z,Summer,10.5
2016-07-30T05:58:09Z,Summer,11.566666666666666
2016-07-30T05:58:09Z,Summer,12.65
2016-07-30T05:58:09Z,Summer,13.716666666666667
2016-07-30T05:58:09Z,Summer,14.783333333333333
2016-07-30T05:58:09Z,Summer,15.866666666666667
2016-07-30T05:58:09Z,Summer,16.933333333333334
2016-07-30T05:58:09Z,Summer,18
2016-07-30T05:58:09Z,Summer,19.083333333333332
2016-07-30T05:58:09Z,Summer,20.166666666666668
2016-07-30T05:58:09Z,Summer,21.25
2016-07-30T05:58:09Z,Summer,22.333333333333332
2016-07-30T05:58:09Z,Summer,23.416666666666668
2016-07-30T05:58:09Z,Summer,24.5
2016-07-30T05:58:09Z,Summer,25.55
2016-07-30T05:58:09Z,Summer,26.6
2016-07-30T05:58:09Z,Summer,27.65
2016-07-30T05:58:09Z,Summer,28.716666666666665
2016-07-30T05:58:09Z,Summer,29.783333333333335
2016-07-30T05:58:09Z,Summer,30.866666666666667
2016-07-30T05:58:09Z,Summer,31.933333333333334
2016-07-30T05:58:09Z,Summer,33
2016-07-30T05:58:09Z,Summer,34.083333333333336
2016-07-30T05:58:09Z,Summer,35.166666666666664
2016-07-30T05:58:09Z,Summer,36.25
2016-07-30T05:58:09Z,Summer,37.333333333333336
2016-07-30T05:58:09Z,Summer,38.38333333333333
2016-07-30T05:58:09Z,Summer,39.43333333333333
2016-07-30T05:58:09Z,Summer,40.483333333333334
2016-07-30T05:58:09Z,Summer,41.55
2016-07-30T05:58:09Z,Summer,42.61666666666667
2016-07-30T05:58:09Z,Summer,43.7
2016-07-30T05:58:09Z,Summer,44.78333333333333
2016-07-30T05:58:09Z,Summer,45.75
2016-07-30T05:58:09Z,Summer,46.71666666666667
2016-07-30T05:58:09Z,Summer,47.68333333333333
2016-07-30T05:58:09Z,Summer,48.65
2016-07-30T05:58:09Z,Summer,49.61666666666667
2016-07-30T05:58:09Z,Summer,50.583333333333336
2016-07-30T05:58:09Z,Summer,51.55
2016-07-30T05:58:09Z,Summer,52.516666666666666
2016-07-30T05:58:09Z,Summer,53.583333333333336
2016-07-30T05:58:09Z,Summer,54.65
2016-07-30T05:58:09Z,Summer,55.733333333333334
2016-07-30T05:58:09Z,Summer,56.8
2016-07-30T05:58:09Z,Summer,57.86666666666667
2016-07-30T05:58:09Z,Summer,58.93333333333333
2016-07-30T05:58:09Z,Summer,60
2016-07-30T05:58:09Z,Summer,61
2016-07-30T05:58:09Z,Summer,62
2016-07-30T05:58:09Z,Summer,63
2016-07-30T05:58:09Z,Summer,64
2016-07-30T05:58:09Z,Summer,65
2016-07-30T05:58:09Z,Summer,66
2016-07-30T05:58:09Z,Summer,66
2016-07-30T05:58:09Z,Summer,66
2016-07-30T05:58:09Z,Summer,66
2016-07-30T05:58:09Z,Summer,66
2016-07-30T05:58:09Z,Summer,66
2016-07-30T05:58:09Z,Summer,66
2016-08-01T03:08:05Z,Summer,64.96666666666667
2016-08-01T03:08:05Z,Summer,63.93333333333333
2016-08-01T03:08:05Z,Summer,62.9
2016-08-01T03:08:05Z,Summer,61.86666666666667
2016-08-01T03:11:06Z,Summer,60.833333333333336
2016-08-01T03:11:06Z,Summer,59.8
2016-08-01T03:11:06Z,Summer,58.766666666666666
2016-08-01T03:11:06Z,Summer,57.733333333333334
2016-08-01T03:11:14Z,Summer,56.7
2016-08-01T03:11:14Z,Summer,55.666666666666664
2016-08-01T03:11:14Z,Summer,54.63333333333333
2016-08-01T03:11:14Z,Summer,53.6
2016-08-02T04:06:44Z,Summer,52.56666666666667
2016-08-02T04:06:44Z,Summer,51.53333333333333
2016-08-02T04:06:44Z,Summer,50.5
2016-08-02T04:06:44Z,Summer,49.46666666666667
2016-08-02T04:07:56Z,Summer,48.4
2016-08-02T04:07:56Z,Summer,47.333333333333336
2016-08-02T04:08:14Z,Summer,46.266666666666666
2016-08-02T04:08:14Z,Summer,45.2
2016-08-02T04:09:52Z,Summer,44.166666666666664
2016-08-02T04:09:52Z,Summer,43.13333333333333
2016-08-02T04:09:52Z,Summer,42.1
2016-08-02T04:09:52Z,Summer,41.06666666666667
2016-08-02T04:09:54Z,Summer,40
2016-08-02T04:09:54Z,Summer,38.93333333333333
2016-08-02T04:11:32Z,Summer,37.85
2016-08-04T01:02:56Z,Summer,36.766666666666666
2016-08-04T01:14:25Z,Summer,35.68333333333333
2016-08-04T04:05:18Z,Summer,34.61666666666667
2016-08-04T04:05:18Z,Summer,33.55
2016-08-04T04:05:47Z,Summer,32.46666666666667
2016-08-04T04:05:52Z,Summer,31.4
2016-08-04T04:05:52Z,Summer,30.333333333333332
2016-08-04T04:06:35Z,Summer,29.266666666666666
2016-08-04T04:06:35Z,Summer,28.2
2016-08-04T04:07:24Z,Summer,27.116666666666667
2016-08-04T04:07:26Z,Summer,26.05
2016-08-04T04:07:26Z,Summer,24.983333333333334
2016-08-04T04:07:31Z,Summer,23.916666666666668
2016-08-04T04:07:31Z,Summer,22.85
2016-08-06T14:05:18Z,Summer,21.766666666666666
2016-08-06T15:07:09Z,Summer,20.683333333333334
2016-08-06T23:40:56Z,Summer,19.6
2016-08-11T16:50:05Z,Summer,18.516666666666666
2016-08-11T17:50:27Z,Summer,17.433333333333334
2016-08-12T10:19:39Z,Summer,16.35
2016-08-23T10:18:51Z,Summer,15.266666666666667
2016-08-23T10:21:03Z,Summer,14.183333333333334
2016-08-23T11:19:42Z,Summer,13.1
2016-09-06T07:37:41Z,Fall,12.033333333333333
2016-09-06T07:37:41Z,Fall,10.966666666666667
2016-09-06T08:07:54Z,Fall,9.9
2016-09-06T08:07:54Z,Fall,8.833333333333334
2016-09-06T08:24:53Z,Fall,7.75
2016-09-13T14:33:13Z,Fall,6.75
2016-09-13T14:33:13Z,Fall,5.75
2016-09-13T14:33:13Z,Fall,4.75
2016-09-13T14:33:13Z,Fall,3.75
2016-09-13T14:33:13Z,Fall,2.75
2016-09-13T14:33:13Z,Fall,2.783333333333333
2016-09-13T16:01:19Z,Fall,2.7333333333333334
2016-09-13T16:38:18Z,Fall,2.7
2016-09-13T16:38:18Z,Fall,2.6666666666666665
2016-09-17T06:43:52Z,Fall,2.6333333333333333
2016-09-17T06:43:52Z,Fall,2.6
2016-09-21T01:12:17Z,Fall,2.5833333333333335
2016-09-21T01:12:17Z,Fall,2.566666666666667
2016-09-21T01:12:17Z,Fall,2.55
2016-09-23T11:19:27Z,Fall,2.5
2016-09-23T12:51:57Z,Fall,2.466666666666667
2016-09-23T12:51:57Z,Fall,2.433333333333333
2016-09-23T13:06:50Z,Fall,2.3833333333333333
2016-09-25T04:43:51Z,Fall,2.3833333333333333
2016-09-25T04:43:51Z,Fall,2.3833333333333333
2016-09-25T04:43:51Z,Fall,2.3833333333333333
2016-09-25T04:43:51Z,Fall,2.4166666666666665
2016-09-25T04:43:57Z,Fall,2.433333333333333
2016-09-25T04:43:57Z,Fall,2.45
2016-09-25T04:43:57Z,Fall,2.466666666666667
2016-09-25T04:49:04Z,Fall,2.433333333333333
2016-09-25T04:49:04Z,Fall,2.4
2016-09-25T10:01:00Z,Fall,2.35
2016-09-25T10:01:26Z,Fall,2.3
2016-09-25T10:01:31Z,Fall,2.3
2016-09-25T10:01:31Z,Fall,2.3
2016-09-25T11:29:46Z,Fall,2.3
2016-09-27T01:30:17Z,Fall,2.316666666666667
2016-09-27T01:30:17Z,Fall,2.3333333333333335
2016-09-27T03:24:27Z,Fall,2.3333333333333335
2016-09-27T03:24:27Z,Fall,2.3333333333333335
2016-09-27T03:28:25Z,Fall,2.3333333333333335
2016-09-27T03:28:33Z,Fall,2.316666666666667
2016-09-27T03:28:38Z,Fall,2.3333333333333335
2016-09-27T03:28:38Z,Fall,2.35
2016-09-27T03:28:38Z,Fall,2.3666666666666667
2016-09-27T03:29:16Z,Fall,2.4
2016-09-27T03:29:16Z,Fall,2.4166666666666665
2016-09-27T03:29:16Z,Fall,2.433333333333333
2016-09-27T03:30:40Z,Fall,2.4166666666666665
2016-09-27T03:31:27Z,Fall,2.4
2016-09-27T03:33:23Z,Fall,2.4
2016-09-27T03:34:41Z,Fall,2.433333333333333
2016-09-27T03:34:41Z,Fall,2.466666666666667
2016-09-27T03:34:41Z,Fall,2.5
2016-10-05T14:52:32Z,Fall,2.5
2016-10-05T15:07:15Z,Fall,2.5
2016-10-05T15:24:07Z,Fall,2.5
2016-10-05T15:24:51Z,Fall,2.566666666666667
2016-10-05T15:24:51Z,Fall,2.6333333333333333
2016-10-05T15:24:51Z,Fall,2.683333333333333
2016-10-05T15:24:51Z,Fall,2.7333333333333334
2016-10-05T15:24:51Z,Fall,2.783333333333333
2016-10-05T15:28:03Z,Fall,2.7666666666666666
2016-10-05T15:29:12Z,Fall,2.7666666666666666
2016-10-05T16:23:53Z,Fall,2.716666666666667
2016-10-05T16:23:53Z,Fall,2.6666666666666665
2016-10-05T16:23:53Z,Fall,2.6166666666666667
2016-10-05T16:56:04Z,Fall,2.566666666666667
2016-10-05T16:56:04Z,Fall,2.5166666666666666
2016-10-05T16:56:04Z,Fall,2.466666666666667
2016-10-05T16:56:30Z,Fall,2.5
2016-10-05T16:56:30Z,Fall,2.5166666666666666
2016-10-05T16:56:30Z,Fall,2.533333333333333
2016-10-05T16:56:42Z,Fall,2.566666666666667
2016-10-05T16:56:42Z,Fall,2.6
2016-10-05T16:56:42Z,Fall,2.6166666666666667
2016-10-05T16:56:42Z,Fall,2.6333333333333333
2016-10-05T16:56:49Z,Fall,2.6166666666666667
2016-10-05T16:56:49Z,Fall,2.6333333333333333
2016-10-05T16:58:00Z,Fall,2.65
2016-10-05T16:58:00Z,Fall,2.6666666666666665
2016-10-05T16:58:00Z,Fall,2.7
2016-10-05T17:01:39Z,Fall,2.6666666666666665
2016-10-05T17:01:39Z,Fall,2.6333333333333333
2016-10-05T17:18:06Z,Fall,2.5833333333333335
2016-10-05T17:18:14Z,Fall,2.533333333333333
2016-10-05T17:19:03Z,Fall,2.5166666666666666
2016-10-05T17:19:03Z,Fall,2.5
2016-10-05T17:19:17Z,Fall,2.466666666666667
2016-10-05T17:47:11Z,Fall,2.4833333333333334
2016-10-05T17:47:11Z,Fall,2.5
2016-10-05T17:47:11Z,Fall,2.533333333333333
2016-10-05T17:47:50Z,Fall,2.566666666666667
2016-10-05T17:47:50Z,Fall,2.5833333333333335
2016-10-05T17:47:50Z,Fall,2.6
2016-10-05T17:48:31Z,Fall,2.6
2016-10-05T17:48:40Z,Fall,2.6166666666666667
2016-10-05T17:48:40Z,Fall,2.6333333333333333
2016-10-05T17:48:40Z,Fall,2.65
2016-10-05T17:48:44Z,Fall,2.65
2016-10-05T17:48:44Z,Fall,2.6666666666666665
2016-10-05T22:20:49Z,Fall,2.6666666666666665
2016-10-05T22:21:07Z,Fall,2.6666666666666665
2016-10-05T22:21:07Z,Fall,2.6666666666666665
2016-10-05T22:21:07Z,Fall,2.6666666666666665
2016-10-05T22:21:18Z,Fall,2.65
2016-10-05T22:21:18Z,Fall,2.6333333333333333
2016-10-05T22:21:19Z,Fall,2.6166666666666667
2016-10-05T22:21:19Z,Fall,2.6333333333333333
2016-10-05T22:21:23Z,Fall,2.6666666666666665
2016-10-05T22:21:23Z,Fall,2.7
2016-10-05T22:21:23Z,Fall,2.7
2016-10-05T22:21:24Z,Fall,2.6666666666666665
2016-10-05T22:21:31Z,Fall,2.65
2016-10-05T22:21:31Z,Fall,2.6666666666666665
2016-10-05T22:21:43Z,Fall,2.683333333333333
2016-10-05T22:21:43Z,Fall,2.7
2016-10-05T22:21:45Z,Fall,2.6666666666666665
2016-10-05T22:21:45Z,Fall,2.6333333333333333
2016-10-05T22:21:45Z,Fall,2.6
2016-10-05T22:21:50Z,Fall,2.566666666666667
2016-10-05T22:21:50Z,Fall,2.533333333333333
2016-10-05T22:21:50Z,Fall,2.566666666666667
2016-10-05T22:21:51Z,Fall,2.566666666666667
2016-10-05T22:21:53Z,Fall,2.55
2016-10-05T22:21:53Z,Fall,2.533333333333333
2016-10-05T22:21:56Z,Fall,2.533333333333333
2016-10-05T22:21:56Z,Fall,2.533333333333333
2016-10-05T22:21:56Z,Fall,2.533333333333333
2016-10-05T22:21:59Z,Fall,2.5166666666666666
2016-10-05T22:21:59Z,Fall,2.5
2016-10-05T22:22:00Z,Fall,2.466666666666667
2016-10-05T22:22:02Z,Fall,2.433333333333333
2016-10-05T22:22:05Z,Fall,2.3833333333333333
2016-10-05T22:22:12Z,Fall,2.35
2016-10-05T22:22:12Z,Fall,2.316666666666667
2016-10-05T22:22:17Z,Fall,2.2666666666666666
2016-10-05T22:22:23Z,Fall,2.2666666666666666
2016-10-05T22:22:23Z,Fall,2.2666666666666666
2016-10-05T22:22:24Z,Fall,2.2666666666666666
2016-10-05T22:22:24Z,Fall,2.2666666666666666
2016-10-05T22:22:24Z,Fall,2.2666666666666666
2016-10-05T22:22:25Z,Fall,2.2666666666666666
2016-10-05T22:22:25Z,Fall,2.2666666666666666
2016-10-05T22:22:28Z,Fall,2.316666666666667
2016-10-05T22:22:28Z,Fall,2.3666666666666667
2016-10-05T22:22:28Z,Fall,2.4
2016-10-05T22:22:28Z,Fall,2.433333333333333
2016-10-05T22:22:29Z,Fall,2.433333333333333
2016-10-05T22:22:30Z,Fall,2.4
2016-10-05T22:22:32Z,Fall,2.4166666666666665
2016-10-05T22:22:32Z,Fall,2.433333333333333
2016-10-05T22:22:32Z,Fall,2.45
2016-10-05T22:22:32Z,Fall,2.466666666666667
2016-10-05T22:22:33Z,Fall,2.45
2016-10-05T22:22:33Z,Fall,2.466666666666667
2016-10-05T22:22:35Z,Fall,2.45
2016-10-05T22:22:35Z,Fall,2.433333333333333
2016-10-05T22:22:36Z,Fall,2.4166666666666665
2016-10-05T22:22:36Z,Fall,2.4166666666666665
2016-10-05T22:22:42Z,Fall,2.433333333333333
2016-10-05T22:22:42Z,Fall,2.466666666666667
2016-10-05T22:22:42Z,Fall,2.466666666666667
2016-10-05T22:22:43Z,Fall,2.533333333333333
2016-10-05T22:22:43Z,Fall,2.6
2016-10-05T22:22:43Z,Fall,2.683333333333333
2016-10-05T22:22:43Z,Fall,2.7666666666666666
2016-10-05T22:22:43Z,Fall,2.85
2016-10-05T22:22:43Z,Fall,2.933333333333333
2016-10-05T22:22:43Z,Fall,3
2016-10-05T22:22:44Z,Fall,3
2016-10-05T22:22:44Z,Fall,3
2016-10-05T22:22:44Z,Fall,3.033333333333333
2016-10-05T22:22:45Z,Fall,3.066666666666667
2016-10-05T22:22:45Z,Fall,3.1
2016-10-05T22:22:45Z,Fall,3.1333333333333333
2016-10-05T22:22:45Z,Fall,3.1666666666666665
2016-10-05T22:22:46Z,Fall,3.1666666666666665
2016-10-05T22:22:46Z,Fall,3.1666666666666665
2016-10-05T22:22:46Z,Fall,3.1666666666666665
2016-10-05T22:22:47Z,Fall,3.15
2016-10-05T22:22:47Z,Fall,3.1333333333333333
2016-10-05T22:22:49Z,Fall,3.1166666666666667
2016-10-05T22:22:49Z,Fall,3.1333333333333333
2016-10-05T22:22:50Z,Fall,3.15
2016-10-05T22:22:50Z,Fall,3.1666666666666665
2016-10-05T22:22:50Z,Fall,3.1666666666666665
2016-10-05T22:22:53Z,Fall,3.1666666666666665
2016-10-05T22:22:53Z,Fall,3.1666666666666665
2016-10-05T22:22:53Z,Fall,3.183333333333333
2016-10-05T22:23:00Z,Fall,3.2
2016-10-05T22:23:00Z,Fall,3.2333333333333334
2016-10-05T22:23:00Z,Fall,3.2666666666666666
2016-10-05T22:23:17Z,Fall,3.3333333333333335
2016-10-05T22:23:17Z,Fall,3.3833333333333333
2016-10-05T22:23:17Z,Fall,3.433333333333333
2016-10-05T22:23:17Z,Fall,3.5
2016-10-05T22:23:17Z,Fall,3.55
2016-10-05T22:23:22Z,Fall,3.55
2016-10-05T22:23:22Z,Fall,3.533333333333333
2016-10-05T22:23:30Z,Fall,3.5166666666666666
2016-10-05T22:23:30Z,Fall,3.5
2016-10-05T22:23:36Z,Fall,3.5
2016-10-05T22:23:36Z,Fall,3.5
2016-10-05T22:23:43Z,Fall,3.4833333333333334
2016-10-05T22:23:43Z,Fall,3.466666666666667
2016-10-05T22:23:43Z,Fall,3.45
2016-10-05T22:23:46Z,Fall,3.4
2016-10-05T22:23:47Z,Fall,3.4166666666666665
2016-10-05T22:23:47Z,Fall,3.433333333333333
2016-10-05T22:23:48Z,Fall,3.4
2016-10-05T22:23:48Z,Fall,3.3666666666666667
2016-10-05T22:23:51Z,Fall,3.3333333333333335
2016-10-05T22:23:51Z,Fall,3.3
2016-10-05T22:23:53Z,Fall,3.3
2016-10-05T22:23:53Z,Fall,3.3
2016-10-05T22:23:55Z,Fall,3.35
2016-10-05T22:23:55Z,Fall,3.4
2016-10-05T22:23:55Z,Fall,3.45
2016-10-05T22:23:55Z,Fall,3.5
2016-10-05T22:23:55Z,Fall,3.533333333333333
2016-10-05T22:37:30Z,Fall,3.533333333333333
2016-10-05T22:37:30Z,Fall,3.533333333333333
2016-10-05T22:37:30Z,Fall,3.466666666666667
2016-10-05T22:37:35Z,Fall,3.4
2016-10-05T22:37:35Z,Fall,3.3333333333333335
2016-10-05T22:37:35Z,Fall,3.2666666666666666
2016-10-05T22:37:41Z,Fall,3.183333333333333
2016-10-05T22:37:41Z,Fall,3.1
2016-10-05T22:37:42Z,Fall,3.0166666666666666
2016-10-05T22:37:42Z,Fall,3
2016-10-05T22:38:23Z,Fall,2.966666666666667
2016-10-05T22:38:38Z,Fall,2.95
2016-10-05T22:38:38Z,Fall,2.9166666666666665
2016-10-05T22:39:20Z,Fall,2.8833333333333333
2016-10-05T22:39:20Z,Fall,2.85
2016-10-10T17:13:42Z,Fall,2.8
2016-10-10T17:14:19Z,Fall,2.7666666666666666
2016-10-29T23:05:13Z,Fall,2.7333333333333334
2016-11-01T09:39:34Z,Fall,2.716666666666667
2016-11-01T09:39:34Z,Fall,2.716666666666667
2016-11-01T09:40:55Z,Fall,2.7
2016-11-01T09:44:25Z,Fall,2.716666666666667
2016-11-01T09:44:25Z,Fall,2.7333333333333334
2016-11-01T09:44:25Z,Fall,2.7333333333333334
2016-11-01T09:53:31Z,Fall,2.7333333333333334
2016-11-01T09:53:31Z,Fall,2.7333333333333334
2016-11-01T09:53:31Z,Fall,2.7333333333333334
2016-11-01T09:54:25Z,Fall,2.7333333333333334
2016-11-01T09:54:25Z,Fall,2.7333333333333334
2016-11-01T09:54:25Z,Fall,2.7333333333333334
2016-11-06T23:58:31Z,Fall,2.816666666666667
2016-11-06T23:58:31Z,Fall,2.9
2016-11-06T23:58:31Z,Fall,2.95
2016-11-06T23:58:31Z,Fall,3
2016-11-06T23:58:31Z,Fall,3.05
2016-11-06T23:58:31Z,Fall,3.1
2016-11-06T23:58:31Z,Fall,3.15
2016-11-06T23:58:31Z,Fall,3.25
2016-11-07T00:00:01Z,Fall,3.25
2016-11-07T00:00:01Z,Fall,3.25
2016-11-07T00:00:02Z,Fall,3.25
2016-11-07T00:00:02Z,Fall,3.25
2016-11-07T00:45:29Z,Fall,3.2666666666666666
2016-11-07T00:45:29Z,Fall,3.2666666666666666
2016-11-07T00:45:29Z,Fall,3.2666666666666666
2016-11-07T19:13:39Z,Fall,3.2666666666666666
2016-11-07T19:13:39Z,Fall,3.3
2016-11-07T19:13:39Z,Fall,3.316666666666667
2016-11-09T17:11:29Z,Fall,3.316666666666667
2016-11-09T17:11:29Z,Fall,3.316666666666667
2016-11-11T09:33:17Z,Fall,3.3333333333333335
2016-11-11T09:33:17Z,Fall,3.35
2016-11-11T09:33:17Z,Fall,3.3666666666666667
2016-11-11T09:33:18Z,Fall,3.3833333333333333
2016-11-11T09:33:18Z,Fall,3.4
2016-11-11T09:33:18Z,Fall,3.3666666666666667
2016-11-11T09:46:16Z,Fall,3.3666666666666667
2016-11-11T09:46:16Z,Fall,3.3666666666666667
2016-11-11T09:46:16Z,Fall,3.3666666666666667
2016-11-11T09:46:16Z,Fall,3.3666666666666667
2016-11-11T09:46:16Z,Fall,3.4
2016-11-11T09:46:34Z,Fall,3.4
2016-11-11T09:46:34Z,Fall,3.4
2016-11-11T09:46:34Z,Fall,3.4
2016-11-11T09:49:17Z,Fall,3.4
2016-11-11T09:49:17Z,Fall,3.4
2016-11-11T09:49:17Z,Fall,3.4166666666666665
2016-11-11T09:49:40Z,Fall,3.4166666666666665
2016-11-11T09:49:40Z,Fall,3.4166666666666665
2016-11-11T09:53:34Z,Fall,3.4166666666666665
2016-11-11T09:53:34Z,Fall,3.433333333333333
2016-11-11T09:58:39Z,Fall,3.466666666666667
2016-11-11T09:58:39Z,Fall,3.5
2016-11-11T09:58:39Z,Fall,3.533333333333333
2016-11-11T09:58:39Z,Fall,3.566666666666667
2016-11-15T12:41:49Z,Fall,3.566666666666667
2016-11-15T12:41:50Z,Fall,3.5833333333333335
2016-11-15T12:41:50Z,Fall,3.6
2016-11-15T13:13:40Z,Fall,3.6333333333333333
2016-11-15T13:13:40Z,Fall,3.6666666666666665
2016-11-15T13:13:40Z,Fall,3.716666666666667
2016-11-15T13:13:40Z,Fall,3.7333333333333334
2016-11-15T13:15:16Z,Fall,3.716666666666667
2016-11-15T13:15:16Z,Fall,3.7
2016-11-15T13:16:32Z,Fall,3.7
2016-11-15T13:16:32Z,Fall,3.7
2016-11-15T13:16:32Z,Fall,3.7
2016-11-15T13:19:15Z,Fall,3.716666666666667
2016-11-15T13:19:15Z,Fall,3.7333333333333334
2016-11-15T13:19:15Z,Fall,3.75
2016-11-15T13:19:15Z,Fall,3.683333333333333
2016-11-15T13:22:18Z,Fall,3.6166666666666667
2016-11-15T13:22:18Z,Fall,3.55
2016-11-15T13:22:18Z,Fall,3.4833333333333334
2016-11-15T13:22:18Z,Fall,3.4166666666666665
2017-01-09T19:45:04Z,Winter,3.35
2017-01-09T19:45:04Z,Winter,3.283333333333333
2017-01-09T19:45:04Z,Winter,3.216666666666667
2017-01-09T19:45:04Z,Winter,3.25
2017-01-09T19:45:17Z,Winter,3.2666666666666666
2017-01-09T19:45:17Z,Winter,3.283333333333333
2017-01-09T19:45:17Z,Winter,3.3
2017-01-09T19:45:28Z,Winter,3.3
2017-01-09T19:45:28Z,Winter,3.3
2017-01-09T19:45:28Z,Winter,3.3
2017-01-09T19:45:34Z,Winter,3.2666666666666666
2017-01-09T19:46:03Z,Winter,3.283333333333333
2017-01-09T19:46:03Z,Winter,3.3
2017-01-09T19:46:03Z,Winter,3.3333333333333335
2017-01-09T19:46:03Z,Winter,3.3666666666666667
2017-01-09T19:46:05Z,Winter,3.3833333333333333
2017-01-09T19:46:05Z,Winter,3.4
2017-01-09T19:46:05Z,Winter,3.4166666666666665
2017-01-09T19:46:05Z,Winter,3.433333333333333
2017-01-09T19:48:11Z,Winter,3.45
2017-01-09T19:48:11Z,Winter,3.466666666666667
2017-01-09T19:48:11Z,Winter,3.45
2017-01-09T19:48:11Z,Winter,3.433333333333333
2017-01-09T19:48:15Z,Winter,3.3666666666666667
2017-01-09T19:48:17Z,Winter,3.316666666666667
2017-01-09T19:48:17Z,Winter,3.2666666666666666
2017-01-09T20:23:36Z,Winter,3.2666666666666666
2017-01-09T20:23:36Z,Winter,3.2666666666666666
2017-01-09T20:23:36Z,Winter,3.2666666666666666
2017-01-09T20:23:39Z,Winter,3.3833333333333333
2017-01-09T20:23:39Z,Winter,3.5
2017-01-09T20:23:39Z,Winter,3.6166666666666667
2017-01-09T20:23:39Z,Winter,3.75
2017-01-09T20:23:39Z,Winter,3.8833333333333333
2017-01-09T20:23:39Z,Winter,4.016666666666667
2017-01-09T20:23:39Z,Winter,4.15
2017-01-09T20:23:39Z,Winter,4.25
2017-01-09T20:23:39Z,Winter,4.35
2017-01-09T20:23:39Z,Winter,4.45
2017-01-09T20:23:43Z,Winter,4.433333333333334
2017-01-09T20:23:43Z,Winter,4.466666666666667
2017-01-09T20:23:43Z,Winter,4.483333333333333
2017-01-09T20:23:44Z,Winter,4.583333333333333
2017-01-09T20:23:44Z,Winter,4.65
2017-01-09T20:23:44Z,Winter,4.716666666666667
2017-01-09T20:23:44Z,Winter,4.783333333333333
2017-01-09T20:23:44Z,Winter,4.85
2017-01-09T20:23:44Z,Winter,4.95
2017-01-09T20:23:44Z,Winter,5.05
2017-01-09T20:23:44Z,Winter,5.133333333333334
2017-01-09T20:24:04Z,Winter,5.116666666666666
2017-01-09T20:24:04Z,Winter,5.1
2017-01-12T05:26:49Z,Winter,5.066666666666666
2017-01-12T05:26:49Z,Winter,5.033333333333333
2017-01-12T05:27:43Z,Winter,5.066666666666666
2017-01-12T05:27:43Z,Winter,5.1
2017-01-12T05:27:43Z,Winter,5.133333333333334
2017-01-12T05:27:43Z,Winter,5.166666666666667
2017-01-12T05:27:43Z,Winter,5.2
2017-01-12T05:27:43Z,Winter,5.233333333333333
2017-01-12T06:12:59Z,Winter,5.233333333333333
2017-01-12T06:12:59Z,Winter,5.233333333333333
2017-01-12T06:12:59Z,Winter,5.233333333333333
2017-01-12T06:12:59Z,Winter,5.233333333333333
2017-01-12T06:14:02Z,Winter,5.266666666666667
2017-01-12T06:14:02Z,Winter,5.3
2017-01-12T06:14:02Z,Winter,5.333333333333333
2017-01-12T06:14:02Z,Winter,5.366666666666666
2017-01-12T06:14:02Z,Winter,5.4
2017-01-12T06:14:11Z,Winter,5.466666666666667
2017-01-12T06:14:11Z,Winter,5.566666666666666
2017-01-12T06:14:11Z,Winter,5.616666666666666
2017-01-12T06:14:11Z,Winter,5.666666666666667
2017-01-12T06:14:11Z,Winter,5.716666666666667
2017-01-12T06:14:11Z,Winter,5.766666666666667
2017-01-12T06:14:11Z,Winter,5.816666666666666
2017-01-12T06:14:13Z,Winter,5.8
2017-01-12T06:14:13Z,Winter,5.783333333333333
2017-01-12T06:14:13Z,Winter,5.766666666666667
2017-01-12T06:14:17Z,Winter,5.8
2017-01-12T06:14:17Z,Winter,5.833333333333333
2017-01-12T06:14:17Z,Winter,5.866666666666666
2017-01-12T06:14:17Z,Winter,5.9
2017-01-12T06:14:17Z,Winter,5.983333333333333
2017-01-12T06:14:17Z,Winter,6.05
2017-01-12T06:14:31Z,Winter,6.1
2017-01-12T06:14:31Z,Winter,6.133333333333334
2017-01-12T06:14:31Z,Winter,6.166666666666667
2017-01-12T06:14:31Z,Winter,6.2
2017-01-12T06:14:31Z,Winter,6.116666666666666
2017-01-12T06:14:48Z,Winter,6
2017-01-12T06:14:48Z,Winter,5.883333333333334
2017-01-12T06:14:48Z,Winter,5.766666666666667
2017-01-12T06:15:22Z,Winter,5.633333333333334
2017-01-12T06:15:22Z,Winter,5.5
2017-01-12T06:15:40Z,Winter,5.5
2017-01-12T06:15:40Z,Winter,5.5
2017-01-12T06:15:40Z,Winter,5.5
2017-01-12T06:15:40Z,Winter,5.5
2017-01-12T06:15:40Z,Winter,5.616666666666666
2017-01-12T06:15:40Z,Winter,5.733333333333333
2017-01-12T06:15:40Z,Winter,5.85
2017-01-12T06:15:40Z,Winter,5.883333333333334
2017-01-12T06:15:40Z,Winter,5.916666666666667
2017-01-12T06:15:40Z,Winter,5.95
2017-01-12T06:16:41Z,Winter,5.866666666666666
2017-01-12T06:16:41Z,Winter,5.783333333333333
2017-01-12T06:16:41Z,Winter,5.7
2017-01-12T06:16:47Z,Winter,5.6
2017-01-12T06:16:47Z,Winter,5.5
2017-01-12T06:20:21Z,Winter,5.6
2017-01-12T06:20:21Z,Winter,5.7
2017-01-12T06:20:21Z,Winter,5.8
2017-01-12T06:20:21Z,Winter,5.9
2017-01-12T06:20:21Z,Winter,5.933333333333334
2017-01-12T06:20:21Z,Winter,5.966666666666667
2017-01-12T06:20:21Z,Winter,6
2017-01-12T06:20:21Z,Winter,6.033333333333333
2017-01-12T06:20:32Z,Winter,6.05
2017-01-12T06:20:32Z,Winter,6.066666666666666
2017-01-12T06:20:32Z,Winter,6.116666666666666
2017-01-12T06:20:32Z,Winter,6.166666666666667
2017-01-12T06:20:32Z,Winter,6.216666666666667
2017-01-12T06:20:32Z,Winter,6.266666666666667
2017-01-12T06:20:32Z,Winter,6.3
2017-01-12T06:21:00Z,Winter,6.266666666666667
2017-01-12T06:21:00Z,Winter,6.233333333333333
2017-01-12T06:21:00Z,Winter,6.2
2017-01-14T19:32:53Z,Winter,6.15
2017-01-14T19:32:53Z,Winter,6.066666666666666
2017-01-16T15:59:20Z,Winter,6.033333333333333
2017-01-16T15:59:20Z,Winter,6
2017-01-16T15:59:20Z,Winter,5.966666666666667
2017-01-16T15:59:20Z,Winter,5.933333333333334
2017-01-16T15:59:20Z,Winter,5.9
2017-01-16T19:26:59Z,Winter,5.85
2017-01-16T19:26:59Z,Winter,5.866666666666666
2017-01-16T19:26:59Z,Winter,5.883333333333334
2017-01-16T19:26:59Z,Winter,5.9
2017-01-17T18:52:23Z,Winter,5.833333333333333
2017-01-17T18:52:23Z,Winter,5.766666666666667
2017-01-17T18:57:13Z,Winter,5.7
2017-01-17T18:57:13Z,Winter,5.633333333333334
2017-01-17T19:08:56Z,Winter,5.633333333333334
2017-01-17T19:08:56Z,Winter,5.633333333333334
2017-01-17T19:08:56Z,Winter,5.65
2017-01-17T19:08:56Z,Winter,5.666666666666667
2017-01-17T19:08:56Z,Winter,5.683333333333334
2017-01-17T19:08:56Z,Winter,5.7
2017-01-17T19:33:52Z,Winter,5.666666666666667
2017-01-17T19:33:52Z,Winter,5.666666666666667
2017-01-17T19:33:52Z,Winter,5.666666666666667
2017-01-20T18:57:27Z,Winter,5.65
2017-01-20T18:57:27Z,Winter,5.65
2017-01-22T06:19:06Z,Winter,5.633333333333334
2017-01-22T06:20:55Z,Winter,5.483333333333333
2017-01-22T06:21:51Z,Winter,5.366666666666666
2017-01-22T06:21:51Z,Winter,5.25
2017-01-22T06:21:51Z,Winter,5.133333333333334
2017-01-22T06:21:52Z,Winter,5
2017-01-22T06:21:52Z,Winter,4.866666666666666
2017-01-22T06:21:53Z,Winter,4.733333333333333
2017-01-22T06:21:53Z,Winter,4.6
2017-01-22T06:21:54Z,Winter,4.466666666666667
2017-01-22T06:21:54Z,Winter,4.333333333333333
2017-01-22T06:21:55Z,Winter,4.316666666666666
2017-01-22T06:21:55Z,Winter,4.3
2017-01-22T06:21:56Z,Winter,4.283333333333333
2017-01-22T06:21:56Z,Winter,4.283333333333333
2017-01-23T05:30:33Z,Winter,4.3
2017-01-23T05:30:33Z,Winter,4.216666666666667
2017-01-23T05:30:33Z,Winter,4.133333333333334
2017-01-24T18:52:42Z,Winter,4.016666666666667
2017-01-24T18:54:03Z,Winter,3.9166666666666665
2017-01-24T18:54:03Z,Winter,3.816666666666667
2017-01-24T18:54:04Z,Winter,3.716666666666667
2017-01-24T18:54:04Z,Winter,3.6166666666666667
2017-01-27T01:20:20Z,Winter,3.5
2017-01-27T01:20:27Z,Winter,3.4
2017-01-27T01:20:28Z,Winter,3.316666666666667
2017-01-27T01:20:28Z,Winter,3.2333333333333334
2017-01-27T01:20:29Z,Winter,3.1666666666666665
2017-01-27T01:20:29Z,Winter,3.1
2017-01-27T01:20:29Z,Winter,3.033333333333333
2017-01-27T01:22:39Z,Winter,2.95
2017-01-27T01:22:39Z,Winter,2.933333333333333
2017-01-27T01:23:04Z,Winter,2.966666666666667
2017-01-27T01:23:04Z,Winter,3
2017-01-27T01:23:04Z,Winter,3.05
2017-01-27T01:23:04Z,Winter,3.1
2017-01-27T01:23:04Z,Winter,3.1
2017-01-27T01:23:15Z,Winter,3.1333333333333333
2017-01-27T01:23:15Z,Winter,3.1666666666666665
2017-01-27T01:23:15Z,Winter,3.2
2017-01-27T01:23:15Z,Winter,3.2333333333333334
2017-01-27T01:23:15Z,Winter,3.283333333333333
2017-01-27T01:23:15Z,Winter,3.3333333333333335
2017-01-27T01:23:15Z,Winter,3.3833333333333333
2017-01-27T01:23:16Z,Winter,3.4
2017-01-27T01:23:16Z,Winter,3.45
2017-01-27T01:23:16Z,Winter,3.5
2017-01-27T01:23:16Z,Winter,3.55
2017-01-27T01:23:16Z,Winter,3.6
2017-01-27T01:24:02Z,Winter,3.533333333333333
2017-01-27T01:24:02Z,Winter,3.466666666666667
2017-01-27T01:24:41Z,Winter,3.4166666666666665
2017-01-27T01:24:41Z,Winter,3.3666666666666667
2017-01-27T01:24:41Z,Winter,3.316666666666667
2017-01-27T01:24:44Z,Winter,3.25
2017-01-27T01:24:44Z,Winter,3.2333333333333334
2017-01-27T01:24:47Z,Winter,3.216666666666667
2017-01-27T01:24:47Z,Winter,3.2
2017-01-27T01:25:42Z,Winter,3.216666666666667
2017-01-27T01:25:42Z,Winter,3.2333333333333334
2017-01-27T01:25:42Z,Winter,3.2666666666666666
2017-01-27T01:25:47Z,Winter,3.3
2017-01-27T01:25:47Z,Winter,3.3
2017-01-27T01:25:47Z,Winter,3.3
2017-01-27T01:26:19Z,Winter,3.3
2017-01-27T01:26:19Z,Winter,3.316666666666667
2017-01-27T01:26:19Z,Winter,3.3333333333333335
2017-01-27T01:29:38Z,Winter,3.3666666666666667
2017-01-27T01:29:38Z,Winter,3.4
2017-01-27T01:29:38Z,Winter,3.433333333333333
2017-01-27T01:29:38Z,Winter,3.466666666666667
2017-01-27T01:30:04Z,Winter,3.466666666666667
2017-01-27T01:30:04Z,Winter,3.466666666666667
2017-01-27T01:30:11Z,Winter,3.5
2017-01-27T01:30:11Z,Winter,3.533333333333333
2017-01-27T01:30:11Z,Winter,3.55
2017-01-27T01:30:11Z,Winter,3.566666666666667
2017-01-27T01:30:16Z,Winter,3.566666666666667
2017-01-27T01:30:16Z,Winter,3.6
2017-01-27T01:30:16Z,Winter,3.6166666666666667
2017-01-27T01:30:30Z,Winter,3.6
2017-01-27T01:30:41Z,Winter,3.5833333333333335
2017-01-27T01:30:47Z,Winter,3.5833333333333335
2017-01-27T01:30:47Z,Winter,3.6
2017-01-27T01:30:52Z,Winter,3.6
2017-01-27T01:34:27Z,Winter,3.6166666666666667
2017-01-27T01:34:27Z,Winter,3.6333333333333333
2017-01-27T01:34:27Z,Winter,3.6333333333333333
2017-01-28T19:22:29Z,Winter,3.6166666666666667
2017-01-28T19:22:29Z,Winter,3.6
2017-01-28T19:22:30Z,Winter,3.6
2017-01-28T19:22:30Z,Winter,3.6
2017-02-04T19:57:37Z,Winter,3.566666666666667
2017-02-04T19:57:37Z,Winter,3.533333333333333
2017-02-04T19:57:37Z,Winter,3.5
